p_val,avg_log2FC,pct.1,pct.2,p_val_adj,cluster,gene
0,1.89994672302723,0.929,0.448,0,0,SELL
0,1.7433330142026,0.651,0.287,0,0,FOXP3
2.27055717558921e-148,1.70993731384282,0.135,0.042,5.81262636950838e-146,0,F5
9.39853740118541e-123,1.49046076827337,0.153,0.059,2.40602557470347e-120,0,IKZF2
4.90782484045333e-194,1.45842362220632,0.288,0.128,1.25640315915605e-191,0,ITGAM
3.16134500831099e-151,1.32383848768118,0.203,0.081,8.09304322127613e-149,0,IL6R
0,1.18563962043287,0.833,0.521,0,0,LTB
0,1.17821786654196,0.676,0.361,0,0,S1PR1
0,1.06573769262144,0.634,0.364,0,0,CTLA4
1.29965410911967e-217,1.06412458355695,0.414,0.209,3.32711451934637e-215,0,CCR4
6.71738676808078e-169,1.05526945022215,0.457,0.274,1.71965101262868e-166,0,OAS1
0,1.03275368768055,0.983,0.538,0,0,CD4
7.93858438958331e-75,0.986438910180995,0.202,0.11,2.03227760373333e-72,0,IL12RB2
7.12309268404307e-115,0.803897786100397,0.419,0.269,1.82351172711503e-112,0,TNF
3.31544776960559e-28,0.778434980814791,0.102,0.06,8.4875462901903e-26,0,TNFRSF4
0,0.769458570749647,0.84,0.582,0,0,CD27
1.05711545846998e-136,0.763835177090561,0.382,0.22,2.70621557368314e-134,0,LTA
7.8194926288429e-249,0.72824755449518,0.89,0.761,2.00179011298378e-246,0,TNFRSF1B
5.11005948891525e-81,0.722481216055268,0.301,0.183,1.3081752291623e-78,0,TNFRSF25
6.91024070046938e-178,0.697607094185003,0.645,0.447,1.76902161932016e-175,0,IL2RA
7.88283848634325e-174,0.696257883589767,0.679,0.49,2.01800665250387e-171,0,JUNB
7.83192500963107e-141,0.676166455704814,0.561,0.379,2.00497280246555e-138,0,ICOS
4.38874461357433e-57,0.636715037788455,0.227,0.138,1.12351862107503e-54,0,CHI3L2
2.603459853038e-232,0.590212212522992,0.785,0.534,6.66485722377729e-230,0,CCR7
2.47225445826097e-107,0.582716145021095,0.67,0.522,6.3289714131481e-105,0,LGALS3
6.50142614575006e-70,0.579947102181473,0.337,0.219,1.66436509331201e-67,0,TXK
0,0.560673517448723,0.975,0.873,0,0,SELPLG
1.86518134397169e-240,0.560596622838748,0.918,0.765,4.77486424056753e-238,0,ARL4C
2.81811148684869e-79,0.556817632384351,0.447,0.313,7.21436540633264e-77,0,DUSP1
9.14384799139166e-85,0.534053635358963,0.525,0.389,2.34082508579627e-82,0,MYC
1.48553227197162e-94,0.529482777854732,0.501,0.345,3.80296261624734e-92,0,C10orf54
7.73281506793473e-151,0.516348865041681,0.988,0.932,1.97960065739129e-148,0,TRBC2
4.28520665783618e-48,0.502264469185024,0.345,0.247,1.09701290440606e-45,0,GIMAP7
3.71773216218739e-232,0.501427094803498,0.961,0.782,9.51739433519972e-230,0,SPOCK2
2.85888361316778e-143,0.500835632190166,0.784,0.626,7.31874204970952e-141,0,CD247
6.75811094284817e-32,0.498857931722066,0.236,0.167,1.73007640136913e-29,0,FOXO1
6.73588714680019e-58,0.487510614611084,0.364,0.256,1.72438710958085e-55,0,DUSP2
1.02438220382285e-86,0.48503855292769,0.631,0.493,2.62241844178649e-84,0,CLEC2D
6.76760804668583e-44,0.464037041764427,0.435,0.338,1.73250765995157e-41,0,PASK
7.02728974765594e-148,0.464028453911499,0.723,0.523,1.79898617539992e-145,0,LEF1
7.89319545930122e-85,0.463293379541473,0.706,0.58,2.02065803758111e-82,0,GIMAP5
4.22837051834612e-15,0.458201252335615,0.14,0.102,1.08246285269661e-12,0,TSPAN32
1.05741522635588e-130,0.454425105797033,0.845,0.727,2.70698297947106e-128,0,BIN2
4.14195200499129e-70,0.449376119021384,0.532,0.401,1.06033971327777e-67,0,SLAMF1
1.40159765616923e-18,0.438296873133059,0.194,0.145,3.58808999979324e-16,0,NINJ2
1.22066635200255e-66,0.42988283808985,0.585,0.464,3.12490586112653e-64,0,IL12RB1
2.77380648132418e-47,0.428341143369009,0.423,0.317,7.1009445921899e-45,0,DPP4
4.30583137956681e-33,0.416880875035162,0.338,0.256,1.1022928331691e-30,0,FAS
1.51011942225624e-111,0.415148553808824,0.799,0.663,3.86590572097596e-109,0,ITK
2.39464203203175e-102,0.402186043349626,0.79,0.656,6.13028360200129e-100,0,STAT1
7.4880749224979e-262,1.49673962646303,0.355,0.141,1.91694718015946e-259,1,TCF7
6.16242336450194e-45,1.38931538951471,0.1,0.047,1.5775803813125e-42,1,CXCR5
0,1.12578133033672,0.781,0.53,0,1,IL7R
1.72557143725924e-81,0.919434142741659,0.236,0.125,4.41746287938365e-79,1,CD40LG
4.88349783405872e-255,0.905039214217368,0.779,0.545,1.25017544551903e-252,1,CCR7
1.15547343993266e-85,0.85180887546277,0.316,0.185,2.95801200622762e-83,1,TNFRSF25
1.22250779932883e-239,0.836712324677086,0.753,0.526,3.1296199662818e-237,1,LEF1
1.0651678539829e-44,0.778766938282305,0.225,0.142,2.72682970619623e-42,1,CHI3L2
4.50851491249495e-256,0.731701215176287,0.879,0.707,1.15417981759871e-253,1,CD5
2.14665955974271e-73,0.727332137762753,0.348,0.221,5.49544847294135e-71,1,TXK
1.56414119163362e-137,0.726700168984546,0.808,0.695,4.00420145058206e-135,1,IL4R
0,0.710884426050395,0.954,0.56,0,1,CD4
3.92765328635815e-104,0.697159891271859,0.514,0.349,1.00547924130769e-101,1,C10orf54
2.98258665430938e-156,0.685321504407352,0.745,0.579,7.63542183503203e-154,1,GIMAP5
7.31573935886595e-60,0.682651926672758,0.364,0.248,1.87282927586968e-57,1,GIMAP7
9.2939572305166e-60,0.677651010573949,0.441,0.32,2.37925305101225e-57,1,DUSP1
9.32980622583894e-79,0.676832342834435,0.455,0.316,2.38843039381477e-76,1,DPP4
1.82025002647575e-89,0.671296752714493,0.536,0.392,4.65984006777791e-87,1,MYC
1.26512508161184e-25,0.66832135883353,0.179,0.121,3.23872020892632e-23,1,CD300A
9.02735487647046e-137,0.666796322705887,0.672,0.487,2.31100284837644e-134,1,TRAT1
3.40946222331676e-270,0.664317359534984,0.942,0.818,8.72822329169091e-268,1,PIK3IP1
7.68789724655314e-286,0.603946535201194,0.97,0.872,1.9681016951176e-283,1,CD6
6.20175141754187e-47,0.591604256713393,0.432,0.332,1.58764836289072e-44,1,BCL2
7.57119756093469e-94,0.584464187493411,0.773,0.664,1.93822657559928e-91,1,STAT1
6.56142046331231e-39,0.581693524160774,0.435,0.342,1.67972363860795e-36,1,PASK
5.55349727700053e-237,0.572751684557748,0.969,0.866,1.42169530291214e-234,1,CD48
2.72645618024934e-24,0.54592258097753,0.209,0.147,6.97972782143831e-22,1,IL18R1
1.41376933985774e-107,0.542110417759235,0.783,0.671,3.61924951003582e-105,1,FYB
3.28321372095773e-117,0.528382130163147,0.772,0.603,8.40502712565179e-115,1,CD27
1.3610901510787e-125,0.526856055132829,0.792,0.673,3.48439078676147e-123,1,IL23R
4.31890135960253e-77,0.526494394014784,0.726,0.648,1.10563874805825e-74,1,STAT3
1.37593349437048e-86,0.526128569064824,0.671,0.538,3.52238974558843e-84,1,STAT6
4.82305960210404e-74,0.523574103404156,0.652,0.534,1.23470325813863e-71,1,BCL11B
5.25676065004265e-46,0.517819099934221,0.437,0.333,1.34573072641092e-43,1,ZAP70
2.8847780761777e-72,0.513024367278556,0.729,0.618,7.38503187501492e-70,1,CD69
5.25383209338687e-07,0.501762569513409,0.122,0.096,0.000134498101590704,1,FOSB
2.63957121535925e-12,0.499237738985828,0.132,0.097,6.75730231131969e-10,1,IL6R
4.36278491510785e-214,0.48883543825443,0.994,0.981,1.11687293826761e-211,1,BTG1
2.77523633807618e-23,0.482236200209903,0.398,0.332,7.10460502547501e-21,1,JUN
5.56602509083953e-42,0.457855238917678,0.506,0.4,1.42490242325492e-39,1,S1PR1
5.52477462301602e-25,0.452348352301379,0.3,0.226,1.4143423034921e-22,1,KLRB1
2.99828603018732e-66,0.45083891410155,0.731,0.64,7.67561223727953e-64,1,CD247
6.00574549356738e-41,0.448827494643898,0.5,0.396,1.53747084635325e-38,1,ICOS
1.69504588585955e-14,0.431036685997156,0.219,0.172,4.33931746780045e-12,1,FOXO1
4.00814886326466e-48,0.425354835139624,0.607,0.509,1.02608610899575e-45,1,JUNB
4.82167833588003e-09,0.411036116229501,0.117,0.088,1.23434965398529e-06,1,BCL6
6.50001904547417e-72,0.402242797425942,0.775,0.672,1.66400487564139e-69,1,ITK
1.48884389988532e-27,0.398484372645191,0.43,0.352,3.81144038370643e-25,1,CNOT2
2.58499960820458e-28,0.390331866835665,0.446,0.366,6.61759899700373e-26,1,STAT5A
3.18041176130942e-76,0.388626476552431,0.986,0.934,8.14185410895211e-74,1,TRBC2
0,3.23267356771995,0.549,0.093,0,2,PTGDR2
0,2.21558263064458,0.978,0.313,0,2,CD8B
8.81783381282874e-119,1.85838666289216,0.139,0.046,2.25736545608416e-116,2,ITGAX
0,1.78358741516259,0.989,0.384,0,2,CD8A
8.89316459178964e-129,1.64909831089014,0.147,0.048,2.27665013549815e-126,2,ZNF683
6.44452064449988e-135,1.42576532447445,0.21,0.083,1.64979728499197e-132,2,GATA3
5.09719026529884e-157,1.31428456437357,0.27,0.113,1.3048807079165e-154,2,IL9R
2.1226622645469e-110,1.26707404613947,0.214,0.094,5.43401539724006e-108,2,TSPAN32
2.09721888048016e-51,1.19421537779106,0.123,0.058,5.3688803340292e-49,2,LAT2
0,1.07738479113675,0.715,0.317,0,2,KLRK1
6.32500055012068e-252,0.880500294379541,0.645,0.345,1.6192001408309e-249,2,LAG3
0,0.852753868804346,0.803,0.476,0,2,CTSW
2.10806854842578e-108,0.773313082245293,0.361,0.2,5.39665548397e-106,2,CXCR6
8.22226892261476e-81,0.764490948697475,0.347,0.21,2.10490084418938e-78,2,NCR3
4.00205002451212e-29,0.7256141904867,0.105,0.057,1.0245248062751e-26,2,KLRC4
7.27706026853205e-232,0.708878095982178,0.775,0.494,1.86292742874421e-229,2,SELL
1.82877678408802e-44,0.625835408520154,0.262,0.168,4.68166856726532e-42,2,ENTPD1
7.17611386699251e-93,0.613030072000442,0.494,0.328,1.83708514995008e-90,2,FOXP3
0,0.580172043401489,0.877,0.539,0,2,NKG7
4.84523688393403e-49,0.532097387342609,0.414,0.299,1.24038064228711e-46,2,HAVCR2
3.6127249660289e-43,0.529447319446273,0.334,0.23,9.24857591303399e-41,2,TIGIT
0,0.519876555727482,0.998,0.949,0,2,CD52
2.37076733566338e-49,0.513063712570689,0.373,0.257,6.06916437929825e-47,2,CCR2
8.58312079417374e-12,0.461256108573023,0.102,0.071,2.19727892330848e-09,2,IKZF2
4.34986715109599e-14,0.44855286549515,0.123,0.085,1.11356599068057e-11,2,PECAM1
8.19804084303957e-54,0.439891655915728,0.47,0.338,2.09869845581813e-51,2,PASK
5.21663712445989e-42,0.420576689440014,0.586,0.465,1.33545910386173e-39,2,IL2RA
4.23370878793009e-95,0.331423136985591,0.833,0.681,1.0838294497101e-92,2,CCL5
6.02960170521985e-165,0.328357787275177,1,0.998,1.54357803653628e-162,2,IL32
1.41222217135612e-24,0.32593014143422,0.684,0.618,3.61528875867168e-22,2,TNFSF10
4.52129756494098e-72,0.283425255177463,0.934,0.795,1.15745217662489e-69,2,SPOCK2
1.25137578905691e-42,0.277451910789477,0.708,0.588,3.20352201998569e-40,2,CXCR3
3.23854043877235e-57,0.271579769202101,0.941,0.84,8.29066352325722e-55,2,LAT
5.80013206591176e-34,0.268463946345022,0.689,0.576,1.48483380887341e-31,2,GIMAP2
3.73527294534852e-164,1.89888240930907,0.145,0.04,9.56229874009222e-162,3,CXCR5
2.52912607181738e-152,1.42384991552756,0.389,0.213,6.4745627438525e-150,3,KLRB1
8.06607698244871e-138,1.18481344142621,0.268,0.121,2.06491570750687e-135,3,CD40LG
3.20824415166808e-70,1.02180502601588,0.181,0.09,8.21310502827029e-68,3,IL6R
0,0.980914899065495,0.982,0.557,0,3,CD4
6.48260014342188e-62,0.9539540959228,0.348,0.232,1.659545636716e-59,3,LTA
3.75893741444911e-27,0.83988822253397,0.107,0.061,9.62287978098972e-25,3,TNFRSF4
1.03774197658551e-111,0.706502235342486,0.712,0.542,2.65661946005891e-109,3,IL7R
1.3417656599847e-157,0.705385520555096,0.693,0.485,3.43492008956083e-155,3,TRAT1
7.08633564269321e-224,0.679022854760452,0.889,0.706,1.81410192452946e-221,3,CD5
5.9243899439011e-66,0.676404984774139,0.406,0.277,1.51664382563868e-63,3,TNF
6.42212796645673e-07,0.668430513341364,0.286,0.261,0.000164406475941292,3,TOP2A
8.54375092206853e-14,0.666916381182239,0.138,0.1,2.18720023604954e-11,3,HMMR
7.13858878557518e-28,0.648781471633642,0.21,0.145,1.82747872910725e-25,3,NINJ2
1.05071795414572e-56,0.647049176896277,0.342,0.228,2.68983796261304e-54,3,CCR4
1.43506032956121e-08,0.617312052037851,0.194,0.164,3.67375444367669e-06,3,MKI67
2.6770804900643e-262,0.605833561485306,0.971,0.872,6.8533260545646e-260,3,CD6
0.00404051252561325,0.579572656756353,0.264,0.254,1,3,UBE2C
2.18687172898526e-07,0.573977726435962,0.233,0.206,5.59839162620227e-05,3,AURKB
2.08829282315288e-17,0.541585150377628,0.17,0.123,5.34602962727136e-15,3,CD300A
3.70874910995838e-22,0.533154767367641,0.207,0.148,9.49439772149346e-20,3,IL18R1
7.80500024067199e-13,0.508708217188571,0.609,0.563,1.99808006161203e-10,3,HMGB2
3.0345744593312e-183,0.503398495390848,0.961,0.79,7.76851061588788e-181,3,SPOCK2
3.67478114577321e-27,0.482498274114529,0.267,0.193,9.40743973317943e-25,3,TNFRSF25
3.24943574746329e-57,0.472758538921761,0.535,0.406,8.31855551350601e-55,3,SLAMF1
7.03996181047137e-30,0.470218583795662,0.342,0.259,1.80223022348067e-27,3,FAS
4.44401196531604e-53,0.435814840332758,0.518,0.394,1.13766706312091e-50,3,ICOS
2.5243210972974e-60,0.433358943838788,0.687,0.556,6.46226200908135e-58,3,LTB
8.54271791100243e-81,0.430408128213689,0.863,0.771,2.18693578521662e-78,3,TNFRSF1B
1.81621887423677e-27,0.429841724991638,0.406,0.325,4.64952031804614e-25,3,RORA
2.05197196140727e-06,0.407062289551838,0.269,0.239,0.00052530482212026,3,TIGIT
6.53521785515199e-11,0.397669932182655,0.157,0.12,1.67301577091891e-08,3,IL12RB2
4.53657498679819e-147,0.379266218004247,0.994,0.931,1.16136319662034e-144,3,CD2
7.64437438832412e-90,0.378859916464412,0.885,0.777,1.95695984341097e-87,3,ARL4C
1.77221546940469e-23,0.371869623126008,0.408,0.331,4.53687160167601e-21,3,JUN
7.73735185507437e-65,0.369114996758739,0.786,0.672,1.98076207489904e-62,3,FYB
4.63860754318897e-36,0.366038338455701,0.608,0.509,1.18748353105638e-33,3,JUNB
1.86962723044396e-08,0.354430677394121,0.252,0.215,4.78624570993654e-06,3,CXCR6
1.78228626002664e-17,0.343025156707272,0.393,0.327,4.5626528256682e-15,3,DUSP1
1.39585614454594e-38,0.34083550553667,0.505,0.395,3.5733917300376e-36,3,CTLA4
5.55234647708641e-66,0.338034777428063,0.988,0.934,1.42140069813412e-63,3,TRBC2
5.41919115666402e-05,0.336349637524937,0.202,0.177,0.0138731293610599,3,CCNB1
3.32251675527242e-44,0.33168981875376,0.811,0.736,8.5056428934974e-42,3,IER5
9.91482883460238e-09,0.326046031302389,0.183,0.148,2.53819618165821e-06,3,CHI3L2
5.52498144104242e-19,0.324470785117123,0.415,0.345,1.41439524890686e-16,3,PASK
6.1221549928447e-29,0.321876877051287,0.718,0.683,1.56727167816824e-26,3,ITGA4
5.82275921548293e-123,0.320881470962116,0.999,0.949,1.49062635916363e-120,3,TRAC
5.37069331803852e-12,0.312050475197602,0.218,0.172,1.37489748941786e-09,3,FOXO1
1.10417187692526e-139,0.307240133216677,0.997,0.929,2.82668000492866e-137,3,LCK
2.27369828811859e-52,0.305081593039787,0.935,0.866,5.8206676175836e-50,3,CXCR4
2.05759212799873e-70,1.8589152477774,0.105,0.035,5.26743584767676e-68,4,ZBED2
5.28133570933978e-88,1.72958023316944,0.111,0.033,1.35202194159098e-85,4,RORC
1.85806436540553e-127,1.31695290209725,0.289,0.125,4.75664477543816e-125,4,CD40LG
0,1.16497464384904,0.973,0.576,0,4,CD4
4.14421144979458e-212,1.12188296014341,0.683,0.41,1.06091813114741e-209,4,CD70
9.70600461003568e-27,1.09843039521385,0.302,0.228,2.48473718016913e-24,4,GNLY
1.83478929820461e-68,1.08225208913016,0.246,0.126,4.69706060340379e-66,4,IFNG
1.87738554598827e-34,1.00761505752855,0.121,0.061,4.80610699772998e-32,4,B3GAT1
5.72403408517136e-93,0.969432962341733,0.427,0.255,1.46535272580387e-90,4,CCR2
3.25797566981523e-112,0.921996439533633,0.595,0.391,8.340417714727e-110,4,CTLA4
1.38578708482863e-39,0.916161411738886,0.267,0.171,3.54761493716129e-37,4,ENTPD1
6.94676314426445e-28,0.908857867526938,0.308,0.226,1.7783713649317e-25,4,GZMH
3.7086684139706e-98,0.866392005307793,0.639,0.464,9.49419113976475e-96,4,IL2RA
3.55990880353171e-139,0.859701762234671,0.623,0.403,9.11336653704117e-137,4,SLAMF1
4.45046501923862e-52,0.839070431353784,0.252,0.144,1.13931904492509e-49,4,NINJ2
1.89027513441106e-134,0.814128059167102,0.586,0.347,4.83910434409233e-132,4,CCR5
8.97186990009109e-92,0.766981164042892,0.686,0.533,2.29679869442332e-89,4,LGALS3
4.48409063529752e-171,0.76315872709502,0.918,0.769,1.14792720263616e-168,4,TNFRSF1B
9.47188372934964e-96,0.752233090877693,0.549,0.357,2.42480223471351e-93,4,PRDM1
1.46091145418777e-63,0.751135837153575,0.536,0.395,3.73993332272068e-61,4,GZMB
1.0095733985869e-06,0.73600880440588,0.143,0.113,0.000258450790038248,4,CCL3
6.53679986710006e-10,0.733813000452474,0.287,0.243,1.67342076597762e-07,4,LTA
1.80454760277259e-14,0.720046629489218,0.102,0.063,4.61964186309783e-12,4,TNFRSF4
3.36816830923133e-120,0.702375574584293,0.746,0.558,8.62251087163219e-118,4,DUSP4
2.67995856827365e-23,0.662475607688925,0.251,0.176,6.86069393478053e-21,4,LAIR2
1.76909585636555e-42,0.648766728714559,0.348,0.233,4.5288853922958e-40,4,CCR4
8.4798785725036e-74,0.598353038682274,0.588,0.419,2.17084891456092e-71,4,GZMA
2.46536838898932e-18,0.584861365744329,0.182,0.124,6.31134307581266e-16,4,CD300A
1.76073125278788e-186,0.582056397551343,0.986,0.906,4.50747200713698e-184,4,IL2RB
2.49498136112824e-101,0.559368456498059,0.815,0.675,6.3871522844883e-99,4,ITGA4
1.39011043052495e-23,0.53395704381405,0.373,0.286,3.55868270214388e-21,4,TNF
2.40794446508452e-124,0.524294949424015,0.855,0.714,6.16433783061638e-122,4,HLA-DPA1
3.63326829286983e-82,0.515467115151768,0.837,0.753,9.30116682974677e-80,4,HLA-DPB1
1.11470766937251e-64,0.509029169927962,0.804,0.674,2.85365163359363e-62,4,CCND2
6.42038528387783e-73,0.487128738215558,0.73,0.572,1.64361863267272e-70,4,CST7
1.01057146413816e-13,0.477564088215494,0.44,0.377,2.58706294819369e-11,4,LAG3
6.03698781380364e-38,0.475092012465901,0.776,0.692,1.54546888033373e-35,4,CCL5
4.02580053449006e-27,0.473449947509407,0.402,0.304,1.03060493682946e-24,4,HAVCR2
3.65017768095193e-44,0.446466203321331,0.602,0.472,9.34445486323693e-42,4,IL12RB1
7.53770641142243e-32,0.430682516922245,0.602,0.497,1.92965284132414e-29,4,PRF1
2.5866310632898e-33,0.430570329818608,0.453,0.338,6.62177552202188e-31,4,FOXP3
4.09917362190445e-24,0.417581900315233,0.497,0.401,1.04938844720754e-21,4,ICOS
1.51869467392187e-47,0.409382305941165,0.349,0.224,3.88785836523998e-45,4,KLRB1
4.12991272390547e-181,0.400836004757881,0.983,0.932,1.0572576573198e-178,4,LGALS1
0.000147094155487662,0.366110176925524,0.246,0.217,0.0376561038048414,4,CXCR6
1.90578426320647e-19,0.364676526376202,0.316,0.236,4.87880771380855e-17,4,TBX21
4.39250885135127e-09,0.360970719577012,0.404,0.352,1.12448226594592e-06,4,IRF4
2.69467165311777e-95,0.336451387244685,0.992,0.934,6.8983594319815e-93,4,CD2
4.2538331038146e-126,0.326329396585378,0.855,0.712,1.08898127457654e-123,4,HLA-DRA
6.41619213123223e-05,0.313634376824671,0.149,0.123,0.0164254518559545,4,IL12RB2
0,2.69729163718034,0.731,0.187,0,5,GZMH
0,2.63490925757412,0.361,0.093,0,5,CCL3
0,2.5808544744548,0.609,0.2,0,5,GNLY
0,2.53843811635898,0.924,0.359,0,5,GZMB
0,2.34490009397092,0.409,0.082,0,5,CD244
0,2.30333363218814,0.68,0.191,0,5,CCL4
0,2.02760601496745,0.98,0.543,0,5,NKG7
0,2.02210283545622,0.405,0.111,0,5,IFNG
2.28821078167352e-196,1.94800312979494,0.212,0.056,5.8578196010842e-194,5,FASLG
0,1.91955802200921,0.885,0.392,0,5,GZMA
0,1.9106093790897,0.912,0.469,0,5,PRF1
0,1.7718108227787,0.978,0.674,0,5,CCL5
0,1.73167725965477,0.978,0.41,0,5,CD8A
3.0424340086295e-133,1.6616893539496,0.176,0.053,7.78863106209152e-131,5,KLRC4
0,1.57514689530058,0.877,0.336,0,5,LAG3
0,1.51906376776522,0.883,0.318,0,5,KLRK1
0,1.51655656445585,0.927,0.478,0,5,CTSW
0,1.44547672247998,0.955,0.552,0,5,CST7
4.97779205521703e-66,1.43053041955427,0.136,0.053,1.27431476613556e-63,5,ZNF683
0,1.39742836618824,0.773,0.331,0,5,CCR5
2.32771214867848e-150,1.32860158351073,0.363,0.163,5.9589431006169e-148,5,ENTPD1
0,1.24528801340202,0.951,0.343,0,5,CD8B
4.97184323376974e-104,1.24454454089048,0.331,0.169,1.27279186784505e-101,5,LAIR2
4.68039328731211e-109,1.20405481122044,0.249,0.103,1.1981806815519e-106,5,KLRG1
0,1.1331955506688,0.638,0.275,0,5,TARP-refseq
3.56761645831264e-113,0.993512575869844,0.42,0.226,9.13309813328035e-111,5,TBX21
5.50571349055656e-98,0.963356446123394,0.316,0.154,1.40946265358248e-95,5,MKI67
2.90963405920436e-32,0.918482987450435,0.121,0.061,7.44866319156317e-30,5,B3GAT1
3.80399086110686e-85,0.907877259755048,0.452,0.285,9.73821660443356e-83,5,TYMS
1.9337822750956e-58,0.865064014862445,0.382,0.253,4.95048262424474e-56,5,TOP2A
1.70785691986668e-53,0.817360972824249,0.32,0.2,4.3721137148587e-51,5,AURKB
2.03655396008151e-39,0.793585825738289,0.348,0.247,5.21357813780867e-37,5,UBE2C
1.34629867965643e-59,0.791590140670361,0.663,0.56,3.44652461992046e-57,5,HMGB2
0,0.783414587651114,0.961,0.742,0,5,HLA-DPB1
2.05040290823704e-34,0.77766423417977,0.176,0.099,5.24903144508681e-32,5,HMMR
1.91117241048023e-202,0.74615817336161,0.818,0.583,4.89260137082939e-200,5,APOBEC3G
3.7050184536705e-22,0.706826194706115,0.105,0.058,9.48484724139649e-20,5,KLRC1
1.01764008621448e-26,0.705125106721025,0.109,0.056,2.60515862070908e-24,5,GZMK
6.26565846081742e-48,0.687374357350208,0.31,0.193,1.60400856596926e-45,5,TK1
0,0.682979069445192,0.95,0.706,0,5,HLA-DPA1
8.20984881697438e-78,0.653905149332356,0.478,0.298,2.10172129714544e-75,5,HAVCR2
5.0699377606166e-142,0.604088665452869,0.802,0.554,1.29790406671785e-139,5,DUSP4
0,0.594645574960667,0.855,0.523,0,5,HLA-DQA1
3.43994844678427e-16,0.588287819390445,0.134,0.085,8.80626802376773e-14,5,PECAM1
2.86969731477521e-30,0.519904175704987,0.581,0.477,7.34642512582453e-28,5,ITGAE
4.74031135968227e-16,0.516916836295269,0.184,0.128,1.21351970807866e-13,5,IL9R
7.16464448763278e-75,0.506449664679251,0.609,0.418,1.83414898883399e-72,5,CD70
2.20286170348152e-23,0.488723952470462,0.249,0.174,5.63932596091268e-21,5,CCNB1
0,0.439652449240713,0.951,0.703,0,5,HLA-DRA
3.7504246609705e-12,0.426277905850644,0.157,0.11,9.60108713208449e-10,5,VNN2
3.48020842573183e-290,2.66993914719936,0.233,0.046,8.90933356987349e-288,6,ZNF683
0,1.85826871904891,0.988,0.416,0,6,CD8A
4.1121700856104e-238,1.8312872684884,0.317,0.093,1.05271554191626e-235,6,CD244
0,1.73471042366597,0.877,0.326,0,6,KLRK1
0,1.63529496531144,0.955,0.551,0,6,NKG7
1.52022294513546e-76,1.59445405368659,0.149,0.053,3.89177073954678e-74,6,GZMK
2.63894609092659e-99,1.57351064491964,0.168,0.055,6.75570199277207e-97,6,KLRC4
2.13040738640715e-98,1.53114711486605,0.178,0.061,5.4538429092023e-96,6,FASLG
3.73716811628958e-117,1.49791476592178,0.222,0.079,9.56715037770132e-115,6,PECAM1
0,1.49348895996036,0.94,0.681,0,6,CCL5
5.79168643794863e-271,1.48164151530716,0.526,0.21,1.48267172811485e-268,6,GZMH
0,1.44902332385634,0.947,0.351,0,6,CD8B
0,1.36275390051356,0.894,0.486,0,6,CTSW
7.56012472068777e-241,1.30913068235508,0.513,0.211,1.93539192849607e-238,6,CCL4
0,1.20768507172452,0.77,0.351,0,6,LAG3
1.83790111319578e-262,1.20207026626916,0.742,0.41,4.70502684978119e-260,6,GZMA
3.26008490609702e-228,1.15349674223092,0.665,0.345,8.34581735960836e-226,6,CCR5
0,1.09398204293892,0.763,0.379,0,6,GZMB
1.09025033247579e-263,1.03584585925685,0.813,0.482,2.79104085113803e-261,6,PRF1
7.12336736270192e-249,0.947433327298511,0.865,0.564,1.82358204485169e-246,6,CST7
2.92734720220215e-35,0.896465093636521,0.195,0.109,7.4940088376375e-33,6,KLRG1
1.93008485609947e-66,0.850121520255265,0.388,0.231,4.94101723161465e-64,6,TBX21
1.07412233442397e-18,0.830459560467476,0.105,0.058,2.74975317612537e-16,6,IL18RAP
8.55248297320149e-51,0.807431777612971,0.241,0.128,2.18943564113958e-48,6,IFNG
2.07788089020614e-155,0.79618466286831,0.55,0.287,5.31937507892773e-153,6,TARP-refseq
3.49595079924853e-43,0.78899059039733,0.588,0.478,8.94963404607623e-41,6,ITGAE
1.33709414424514e-53,0.743979646796319,0.349,0.209,3.42296100926757e-51,6,CXCR6
1.25818869204826e-11,0.715632275824518,0.1,0.063,3.22096305164355e-09,6,B3GAT1
1.29287988176819e-27,0.654660071187348,0.315,0.22,3.30977249732658e-25,6,NCR3
2.76836907412168e-38,0.594429662610082,0.2,0.109,7.08702482975149e-36,6,CCL3
4.17478048086762e-85,0.524617050302263,0.75,0.591,1.06874380310211e-82,6,APOBEC3G
2.03142140203991e-11,0.50336745611759,0.158,0.111,5.20043878922216e-09,6,VNN2
6.94645363233941e-90,0.499431537214684,0.802,0.587,1.77829212987889e-87,6,CXCR3
2.21401986911087e-12,0.495344002063004,0.22,0.164,5.66789086492383e-10,6,MKI67
5.3660881060217e-46,0.492270466354715,0.354,0.225,1.37371855514155e-43,6,GNLY
2.35566534999529e-22,0.463815452461607,0.258,0.174,6.03050329598795e-20,6,ENTPD1
3.38315301830014e-10,0.431183820173088,0.176,0.129,8.66087172684835e-08,6,IL9R
2.70247887397389e-09,0.355870364807473,0.248,0.196,6.91834591737317e-07,6,CBLB
9.14367878377175e-14,0.308923447292272,0.382,0.307,2.34078176864557e-11,6,HAVCR2
5.76148803641865e-08,0.301070229242746,0.314,0.262,1.47494093732317e-05,6,CD3G
1.59042982670759e-06,0.251550990190637,0.306,0.261,0.000407150035637144,6,TOP2A
0,4.96955352810627,0.484,0.02,0,7,TLR2
0,4.91413803408643,0.903,0.152,0,7,CCL2
0,4.89223872960275,0.241,0.012,0,7,SPP1
0,4.88636065561613,0.976,0.584,0,7,ICAM1
0,4.7794418450581,0.895,0.256,0,7,CXCL10
0,4.77340092412605,0.881,0.23,0,7,CXCL8
0,4.75522493217258,0.906,0.127,0,7,NT5E
0,4.65446562447584,0.962,0.265,0,7,IER3
0,4.6448261333693,0.898,0.114,0,7,HLA-DRB3
0,4.56605043208168,0.452,0.059,0,7,CXCL9
0,4.53471448995951,0.207,0.011,0,7,IL6
0,4.42796737653922,0.951,0.345,0,7,LIF
0,4.3966424307737,0.798,0.076,0,7,FOSL1
0,4.27177223672648,0.185,0.01,0,7,IL12A
0,4.08214336384757,0.75,0.086,0,7,SEMA7A
0,3.78650976371773,0.714,0.063,0,7,PYCR1
0,3.77105414980419,0.948,0.261,0,7,HLA-DQB1
0,3.64336213132679,0.387,0.046,0,7,CCL20
0,3.48971104992431,0.867,0.199,0,7,CD9
0,3.36382800886533,0.568,0.049,0,7,EGR3
0,3.27741193056328,0.968,0.524,0,7,HLA-DQA1
0,3.05975969964541,0.832,0.268,0,7,HLA-DMB
0,3.05267249557546,0.961,0.49,0,7,HLA-DMA
0,2.99774620636268,0.984,0.708,0,7,HLA-DRA
0,2.82831448822874,0.828,0.194,0,7,IL15RA
0,2.65925087582359,0.968,0.622,0,7,LAP3
0,2.59776230030445,0.486,0.094,0,7,GLG1
1.35754811837718e-293,2.56845250820392,0.275,0.055,3.47532318304558e-291,7,AIM2
0,2.50765469729422,0.998,0.932,0,7,LGALS1
1.71071067581566e-110,2.42615581325366,0.108,0.022,4.37941933008809e-108,7,CSF2
0,2.41091202028422,0.971,0.711,0,7,HLA-DPA1
0,2.24688147816607,0.884,0.338,0,7,TRIB2
0,2.19722173980108,0.802,0.288,0,7,FOXO3
0,2.03894831052371,0.981,0.72,0,7,ANXA5
0,1.99632691213183,0.98,0.746,0,7,HLA-DPB1
1.74302382213898e-98,1.87753813334386,0.355,0.169,4.46214098467579e-96,7,CCNB1
1.41857610417965e-176,1.85947234366943,0.386,0.148,3.6315548266999e-174,7,PTTG2
2.17635410968947e-72,1.59805254831697,0.207,0.085,5.57146652080503e-70,7,BCL6
4.68744632080036e-113,1.57560251559933,0.25,0.09,1.19998625812489e-110,7,CD274
0,1.43215779741999,0.72,0.295,0,7,NAMPT
0,1.07538785605232,0.973,0.873,0,7,CD44
6.88824347231935e-34,1.05715805032753,0.661,0.599,1.76339032891375e-31,7,APOBEC3G
0,1.0416212414874,0.942,0.662,0,7,STAT1
1.697586342805e-288,1.03602226334322,0.888,0.525,4.34582103758081e-286,7,LGALS3
0.000627550368870877,0.774516770729658,0.113,0.09,0.160652894430945,7,EGR1
3.1984624984713e-96,0.737793166678777,0.473,0.242,8.18806399608653e-94,7,UBE2C
1.08627092192983e-38,0.573138649207034,0.448,0.301,2.78085356014037e-36,7,IFNGR1
8.01074513073626e-85,0.561169278121759,0.388,0.191,2.05075075346848e-82,7,TK1
1.19169993207278e-100,0.521289927836788,0.85,0.557,3.05075182610631e-98,7,DUSP4
1.17405196439157e-56,0.456635817842083,0.943,0.857,3.00557302884242e-54,7,FYN
0,3.76389486782417,0.214,0.022,0,8,KLRC3
4.44492691406894e-188,2.74167730384615,0.155,0.026,1.13790129000165e-185,8,IRF8
1.65544366023019e-219,2.52973238557549,0.24,0.053,4.23793577018929e-217,8,KLRC4
0,2.39256301834013,0.346,0.074,0,8,PECAM1
0,1.97631033881793,0.92,0.333,0,8,KLRK1
0,1.86768954802832,0.854,0.367,0,8,CD8B
8.73149657971309e-282,1.84452346307417,0.475,0.151,2.23526312440655e-279,8,TCF7
2.36399570938434e-75,1.7782406085376,0.197,0.076,6.05182901602391e-73,8,TRDC
0,1.64446769038342,0.969,0.428,0,8,CD8A
2.16935462142264e-94,1.44244326250197,0.265,0.105,5.55354783084197e-92,8,VNN2
0,1.33837614301779,0.883,0.494,0,8,CTSW
5.88233309237532e-39,1.17562431609493,0.154,0.07,1.50587727164808e-36,8,IKZF2
7.31701950704513e-18,1.1449198482875,0.108,0.058,1.87315699380355e-15,8,GZMK
8.95769112773063e-48,1.05785608950617,0.438,0.298,2.29316892869904e-45,8,TARP-refseq
1.86419734032102e-115,1.04477698678642,0.718,0.546,4.77234519122181e-113,8,LEF1
5.33147634284778e-33,1.0214100142522,0.196,0.105,1.36485794376903e-30,8,CD244
1.5024259581134e-23,1.01831650279845,0.314,0.228,3.84621045277029e-21,8,CCL4
1.40156826480196e-96,1.0109772941392,0.722,0.567,3.58801475789302e-94,8,CCR7
1.2045659879745e-11,0.953556137139124,0.104,0.064,3.08368892921473e-09,8,B3GAT1
2.81874198972227e-40,0.939607833085227,0.403,0.266,7.21597949368902e-38,8,DUSP2
1.688355118657e-15,0.890599097705098,0.367,0.295,4.32218910376193e-13,8,TYMS
2.13175412331077e-17,0.886296740672204,0.177,0.112,5.45729055567557e-15,8,KLRG1
7.3793230503317e-44,0.871179313393476,0.367,0.231,1.88910670088491e-41,8,TXK
7.97503516932517e-40,0.864585730799949,0.318,0.193,2.04160900334724e-37,8,CBLB
2.99804333126205e-21,0.805597944555569,0.229,0.148,7.67499092803085e-19,8,CHI3L2
7.62686968026286e-114,0.715911749257637,0.839,0.565,1.95247863814729e-111,8,NKG7
5.77072186302527e-66,0.680857837303728,0.702,0.547,1.47730479693447e-63,8,STAT6
2.88959163564917e-07,0.650000181758972,0.246,0.201,7.39735458726187e-05,8,TK1
2.58487886064147e-87,0.634058779074414,0.885,0.784,6.61728988324216e-85,8,CD7
1.02819425620402e-10,0.632022394457507,0.322,0.26,2.6321772958823e-08,8,TOP2A
1.33052284228961e-107,0.606172621874133,0.959,0.869,3.40613847626139e-105,8,CXCR4
1.62808059159097e-07,0.605072731154649,0.449,0.409,4.16788631447288e-05,8,MYC
6.90297396148678e-26,0.601571683442454,0.475,0.371,1.76716133414062e-23,8,STAT5A
1.87271859876491e-16,0.581573345510435,0.308,0.229,4.79415961283817e-14,8,GZMH
3.76759050045585e-07,0.576544718411163,0.25,0.207,9.64503168116697e-05,8,AURKB
2.68825642055443e-25,0.571592578481304,0.457,0.348,6.88193643661934e-23,8,PASK
8.73317414807919e-117,0.563025797507299,0.974,0.874,2.23569258190827e-114,8,CD48
8.43782473040912e-26,0.519675057519358,0.481,0.365,2.16008313098474e-23,8,C10orf54
1.79762867082542e-09,0.479462572190213,0.22,0.165,4.60192939731308e-07,8,MKI67
3.72203449439663e-34,0.468554172798778,0.671,0.553,9.52840830565538e-32,8,STAT4
8.39331342379228e-19,0.455850997294085,0.452,0.357,2.14868823649082e-16,8,CNOT2
5.92388095068191e-35,0.453690776373954,0.807,0.742,1.51651352337457e-32,8,IER5
1.12725685835452e-25,0.449550020120177,0.702,0.621,2.88577755738757e-23,8,CD27
0.00504352101901271,0.442147863118544,0.566,0.569,1,8,HMGB2
1.89807829793266e-15,0.438793690269513,0.173,0.112,4.85908044270762e-13,8,CCL3
1.24887223043138e-65,0.438442221479947,0.912,0.844,3.19711290990432e-63,8,RUNX3
1.75783185411221e-37,0.402109940653106,0.717,0.596,4.50004954652726e-35,8,APOBEC3G
1.48585208500049e-06,0.400828071517232,0.14,0.103,0.000380378133760125,8,HMMR
8.12295134842077e-71,0.385864181478998,0.989,0.982,2.07947554519572e-68,8,BTG1
5.08722155724769e-32,0.362100257575979,0.901,0.831,1.30232871865541e-29,8,PIK3IP1
0,4.37711099414316,0.498,0.064,0,9,TRDC
0,4.35900505973048,0.422,0.045,0,9,KLRC1
1.41908409195711e-211,2.76203100999141,0.584,0.294,3.63285527541019e-209,9,TARP-refseq
7.56895001640087e-149,2.31239791131627,0.202,0.043,1.93765120419862e-146,9,ZBTB16
3.87886941352775e-39,2.22868746908275,0.176,0.078,9.92990569863103e-37,9,CXCL9
8.79844504413508e-179,2.1951766411219,0.352,0.105,2.25240193129858e-176,9,KLRG1
3.67498962901143e-156,2.12409498213288,0.501,0.223,9.40797345026927e-154,9,GNLY
4.34044477423775e-65,2.11012726566353,0.457,0.288,1.11115386220486e-62,9,CXCL10
2.18550245781049e-76,2.02851699130519,0.447,0.262,5.59488629199486e-74,9,CXCL8
2.80065485863622e-97,1.98616287017922,0.396,0.189,7.16967643810873e-95,9,CCL2
6.11432288391851e-161,1.92542290036042,0.343,0.106,1.56526665828314e-158,9,CCL3
4.0356507489262e-62,1.72165739149253,0.46,0.3,1.03312659172511e-59,9,IER3
6.32594871693026e-58,1.6938338779645,0.253,0.114,1.61944287153415e-55,9,FOSL1
5.2730583740247e-145,1.61583827824005,0.5,0.224,1.34990294375032e-142,9,KLRB1
2.49795708133873e-135,1.58464755725128,0.502,0.221,6.39477012822716e-133,9,CCL4
9.36040500212869e-43,1.5328195003748,0.15,0.058,2.39626368054495e-40,9,IL18RAP
5.90695959506862e-51,1.4952531573351,0.172,0.065,1.51218165633757e-48,9,FASLG
2.08417600053173e-65,1.41810406146068,0.412,0.232,5.33549056136122e-63,9,CD9
1.22948864611021e-69,1.40831098097249,0.341,0.167,3.14749093404214e-67,9,NT5E
5.53571810180412e-18,1.36646802972502,0.124,0.064,1.41714383406185e-15,9,CCL20
1.50422935843397e-30,1.35295914184789,0.479,0.377,3.85082715759097e-28,9,LIF
3.76773927697287e-31,1.35025329094219,0.194,0.099,9.64541254905054e-29,9,PYCR1
6.81376729544065e-37,1.34879092708474,0.669,0.605,1.74432442763281e-34,9,ICAM1
2.24147938349512e-73,1.3269160482815,0.334,0.154,5.73818722174751e-71,9,HLA-DRB3
9.14947854642962e-96,1.29602192593499,0.725,0.574,2.34226650788598e-93,9,NKG7
1.79254179683023e-80,1.28042259341615,0.508,0.293,4.58890699988538e-78,9,HLA-DMB
2.60898665745545e-82,1.23625287860969,0.737,0.543,6.67900584308595e-80,9,HLA-DQA1
2.07615474509889e-111,1.15096673888832,0.897,0.717,5.31495614745316e-109,9,HLA-DRA
2.11717870858179e-41,1.12268518587079,0.438,0.297,5.41997749396938e-39,9,HLA-DQB1
2.74509422093686e-59,1.11525728847796,0.96,0.935,7.02744120559835e-57,9,LGALS1
9.57276279211275e-95,1.04130688944213,0.842,0.694,2.45062727478087e-92,9,CCL5
2.86042379414948e-17,1.01075319039421,0.199,0.123,7.32268491302267e-15,9,SEMA7A
1.6348620806129e-56,1.00761041268525,0.531,0.362,4.18524692636902e-54,9,CCR5
2.26248868611036e-82,0.978536403816874,0.715,0.509,5.79197103644252e-80,9,HLA-DMA
4.45498256941896e-78,0.913293295817981,0.746,0.597,1.14047553777125e-75,9,APOBEC3G
1.46134370138282e-21,0.912729423192877,0.149,0.077,3.74103987554003e-19,9,EGR3
2.19862144624681e-70,0.912079099754906,0.616,0.426,5.62847090239184e-68,9,GZMA
2.72924662570097e-21,0.892866345186467,0.327,0.228,6.98687136179449e-19,9,IL15RA
2.53391453999448e-93,0.8695331017552,0.895,0.719,6.48682122238586e-91,9,HLA-DPA1
3.53879945365178e-23,0.86358199342001,0.193,0.106,9.05932660134857e-21,9,CD244
4.23996730594854e-48,0.85347090607219,0.654,0.584,1.08543163032283e-45,9,CST7
1.55542213859124e-68,0.839970716718566,0.575,0.357,3.98188067479358e-66,9,KLRK1
1.24420705448143e-36,0.837873878763301,0.591,0.503,3.18517005947247e-34,9,PRF1
2.88774263005545e-21,0.797784260108921,0.67,0.642,7.39262113294194e-19,9,LAP3
3.04106915316833e-29,0.754531728556943,0.341,0.214,7.78513703211093e-27,9,CXCR6
2.8344923788531e-39,0.717361510290551,0.624,0.511,7.25630048986394e-37,9,CTSW
1.36384168869995e-25,0.658102373450314,0.78,0.734,3.49143472307187e-23,9,ANXA5
2.92837719143639e-15,0.654253692930426,0.31,0.223,7.49664561007715e-13,9,NCR3
1.46080043531077e-16,0.634074738887662,0.404,0.315,3.73964911439558e-14,9,FOXO3
1.96521169338788e-28,0.633652792607282,0.395,0.265,5.03094193507298e-26,9,CCR2
5.63213233839093e-116,2.8321768430645,0.159,0.029,1.44182587862808e-113,10,IRF8
0,2.43972378436246,0.631,0.153,0,10,TCF7
3.19401804414763e-175,1.91849854600888,0.742,0.4,8.17668619301793e-173,10,MYC
0,1.83902543522582,0.956,0.563,0,10,CCR7
0,1.71947635832646,0.926,0.543,0,10,LEF1
3.6448647904334e-96,1.50343466216334,0.491,0.23,9.33085386350951e-94,10,TXK
1.0151979815603e-137,1.44301896420783,0.879,0.704,2.59890683279437e-135,10,IL4R
4.96992906154574e-146,1.29580483052135,0.81,0.547,1.27230183975571e-143,10,STAT6
1.08478932165329e-16,1.2494345324751,0.12,0.058,2.77706066343242e-14,10,FOXP1
4.32748353770414e-29,1.16948464015486,0.271,0.149,1.10783578565226e-26,10,CHI3L2
2.9988143408187e-11,1.15708976165677,0.33,0.244,7.67696471249586e-09,10,LTA
1.26940302914919e-38,1.12910531978724,0.492,0.34,3.24967175462193e-36,10,BCL2
1.77608058081528e-33,1.03037429389808,0.345,0.198,4.54676628688712e-31,10,TNFRSF25
1.45698396889587e-48,1.0101554779804,0.553,0.37,3.72987896037344e-46,10,STAT5A
3.60884013669578e-68,0.97557721662968,0.757,0.521,9.23863074994121e-66,10,SELL
1.4499459033365e-82,0.974609323425841,0.788,0.595,3.71186151254145e-80,10,GIMAP5
2.55437578730799e-114,0.954031582159682,0.884,0.672,6.53920201550847e-112,10,STAT1
8.82736097239089e-126,0.938567439555371,0.934,0.831,2.25980440893207e-123,10,PIK3IP1
1.59934477784297e-46,0.921508017271186,0.554,0.365,4.094322631278e-44,10,C10orf54
1.65828927158844e-13,0.919240111885355,0.169,0.099,4.2452205352664e-11,10,IL6R
1.06818964758991e-78,0.902194906068714,0.805,0.653,2.73456549783016e-76,10,STAT3
3.08925729928896e-111,0.901221197073895,0.842,0.554,7.90849868617973e-109,10,IL7R
9.41476691582123e-10,0.8838643352399,0.154,0.097,2.41018033045023e-07,10,CD274
6.0031854586307e-179,0.875768497645052,0.983,0.876,1.53681547740946e-176,10,CD48
2.14087036122e-73,0.857952122053584,0.839,0.68,5.48062812472321e-71,10,ITK
6.54654476745044e-71,0.857740758174018,0.808,0.626,1.67591546046731e-68,10,CD69
4.49417270350177e-23,0.849713732712578,0.4,0.269,1.15050821209645e-20,10,DUSP2
1.04137030062251e-18,0.847379173242248,0.37,0.26,2.66590796959361e-16,10,GIMAP7
6.04943221376811e-38,0.78607704246367,0.678,0.545,1.54865464672464e-35,10,BCL11B
5.30645020377062e-98,0.761621083491143,0.93,0.785,1.35845125216528e-95,10,CD7
5.54504720892629e-09,0.720668527847515,0.17,0.112,1.41953208548513e-06,10,VNN2
1.58453315440627e-08,0.715839167535692,0.239,0.176,4.05640487528005e-06,10,FOXO1
1.49896519520594e-47,0.711642252058221,0.765,0.649,3.83735089972722e-45,10,CD247
3.08344934523169e-32,0.696730167117631,0.716,0.623,7.89363032379312e-30,10,TNFSF10
1.5800181355223e-55,0.679680548971619,0.815,0.685,4.04484642693709e-53,10,IL23R
8.81581854882086e-16,0.675668547323436,0.428,0.332,2.25684954849814e-13,10,DPP4
1.03309425513187e-05,0.671478035634874,0.128,0.088,0.00264472129313759,10,PECAM1
7.64293121685175e-21,0.663482614466332,0.478,0.358,1.95659039151405e-18,10,CNOT2
3.0197278512779e-122,0.659008251432215,0.995,0.982,7.73050329927143e-120,10,BTG1
3.04817013431024e-61,0.655625363290701,0.835,0.618,7.80331554383422e-59,10,CD27
2.34796733394968e-09,0.633555984551455,0.22,0.153,6.01079637491118e-07,10,IL18R1
4.59471283687075e-17,0.628707781165996,0.595,0.519,1.17624648623891e-14,10,JUNB
1.24352628178893e-22,0.575624353128492,0.645,0.557,3.18342728137966e-20,10,STAT4
8.92696055894144e-32,0.557869980783581,0.779,0.683,2.28530190308901e-29,10,FYB
1.17447948441645e-14,0.541083484390845,0.583,0.514,3.0066674801061e-12,10,CLEC2D
2.57834871394465e-46,0.501472819850939,0.859,0.726,6.6005727076983e-44,10,CD5
1.77682941784378e-58,0.498013460277938,0.959,0.872,4.54868330968008e-56,10,CXCR4
7.58800223974436e-07,0.462033749287011,0.399,0.345,0.000194252857337456,10,ZAP70
1.29091469467384e-12,0.422581816049763,0.52,0.41,3.30474161836504e-10,10,S1PR1
4.1806988635439e-167,0.419451302925258,1,1,1.07025890906724e-164,10,HLA-C
