,ADORA2A,ADORA2B,CD4,CD8A,CD27,CD28,CD40,CD45R0,CD45RA,CD272,CD274,CD276,CTLA4,CTLA4-TM,EOMES,FAS,FASLG,FOXP3,GNLY,GZMA,GZMB,GZMH,GZMK,GZMM,HAVCR2,ICOS,IFNG,IL2RA,IL2RG,IL7R,LAG3,NOX2,PRF1,SELL,SIGLEC7,TNF,TNFRSF4,TNFRSF9,TNFRSF18,TNFSF18,VISTA,VTCN1
1,7.444973029355491,25.312908299808672,58.81528693190838,38.71385975264856,76.68322220236156,46.9033300849396,28.290897511550867,61.04877884071503,43.9253408731974,10.422962241097688,27.54640020861532,36.48036784384191,10.422962241097688,5.955978423484393,11.167459544033237,38.71385975264856,3.7224865146777457,18.61243257338873,95.2956547757503,61.04877884071503,59.55978423484393,21.590421785130925,3.7224865146777457,12.656454149904336,10.422962241097688,33.50237863209971,11.911956846968787,31.268886723293065,97.52914668455693,43.9253408731974,16.378940664582082,3.7224865146777457,41.69184896439075,27.54640020861532,3.7224865146777457,32.757881329164164,8.93396763522659,33.50237863209971,14.889946058710983,2.2334919088066476,13.400951452839886,4.466983817613295
2,17.534562132317756,43.83640533079439,21.918202665397196,43.83640533079439,78.90552959542991,43.83640533079439,17.534562132317756,26.301843198476636,39.452764797714956,17.534562132317756,96.44009172774767,56.98732693003271,13.150921599238318,13.150921599238318,8.767281066158878,43.83640533079439,4.383640533079439,30.685483731556076,65.7546079961916,127.12557545930375,267.4020725178458,56.98732693003271,17.534562132317756,4.383640533079439,13.150921599238318,30.685483731556076,30.685483731556076,52.60368639695327,87.67281066158878,17.534562132317756,48.220045863873835,4.383640533079439,56.98732693003271,8.767281066158878,4.383640533079439,39.452764797714956,21.918202665397196,56.98732693003271,13.150921599238318,17.534562132317756,48.220045863873835,4.383640533079439
3,17.435547906546702,45.332424557021426,45.332424557021426,34.871095813093405,118.56172576451756,87.17773953273351,24.409767069165383,73.22930120749615,24.409767069165383,13.948438325237362,27.896876650474724,52.30664371964011,6.974219162618681,3.4871095813093405,10.461328743928021,45.332424557021426,3.4871095813093405,27.896876650474724,34.871095813093405,55.79375330094945,129.0230545084456,24.409767069165383,17.435547906546702,10.461328743928021,27.896876650474724,45.332424557021426,34.871095813093405,41.845314975712085,97.63906827666153,27.896876650474724,34.871095813093405,3.4871095813093405,66.25508204487747,27.896876650474724,6.974219162618681,69.74219162618681,20.922657487856043,59.28086288225878,20.922657487856043,24.409767069165383,20.922657487856043,3.4871095813093405
4,48.31991769898019,201.33299041241747,153.01307271343728,96.63983539796038,144.95975309694057,24.159958849490096,40.2665980824835,330.18610427636463,72.47987654847029,8.0533196164967,80.533196164967,153.01307271343728,8.0533196164967,0.0,24.159958849490096,225.49294926190757,0.0,48.31991769898019,16.1066392329934,16.1066392329934,120.79979424745048,48.31991769898019,16.1066392329934,104.69315501445709,24.159958849490096,80.533196164967,16.1066392329934,48.31991769898019,426.825939674325,177.17303156292738,48.31991769898019,8.0533196164967,8.0533196164967,8.0533196164967,8.0533196164967,56.37323731547689,48.31991769898019,193.27967079592077,32.2132784659868,64.4265569319736,16.1066392329934,0.0
5,3.84773825876865,36.55351345830218,50.02059736399245,21.162560423227575,161.6050068682833,79.84056886944948,0.0,75.03089604598868,110.62247493959869,0.9619345646921625,25.010298681996225,86.57411082229463,16.352887599766763,6.733541952845138,4.809672823460812,47.134793669915965,8.657411082229462,5.771607388152975,122.16568971590465,83.68830712821814,138.5185773156714,12.505149340998113,0.9619345646921625,16.352887599766763,13.467083905690275,43.287055411147314,23.0864295526119,17.314822164458924,101.96506385736923,1.923869129384325,11.54321477630595,0.0,90.42184908106327,38.4773825876865,6.733541952845138,44.24898997583948,14.429018470382438,36.55351345830218,24.048364117304065,9.619345646921625,19.23869129384325,6.733541952845138
6,5.99271492831818,14.98178732079545,50.93807689070453,98.87979631724997,95.88343885309088,74.90893660397724,23.97085971327272,56.93079181902271,32.959932105749985,2.99635746415909,11.98542985663636,41.94900449822726,8.989072392477269,2.99635746415909,0.0,56.93079181902271,2.99635746415909,5.99271492831818,59.9271492831818,110.86522617388633,89.8907239247727,20.97450224911363,0.0,2.99635746415909,14.98178732079545,53.93443435486362,20.97450224911363,26.96721717743181,74.90893660397724,11.98542985663636,35.956289569909075,0.0,23.97085971327272,8.989072392477269,0.0,65.91986421149997,29.9635746415909,8.989072392477269,14.98178732079545,0.0,2.99635746415909,0.0
7,6.7008728926762595,107.21396628282015,26.803491570705038,93.81222049746764,107.21396628282015,174.22269520958275,40.20523735605756,6.7008728926762595,180.92356810225903,6.7008728926762595,120.61571206817268,194.32531388761154,6.7008728926762595,6.7008728926762595,93.81222049746764,20.10261867802878,26.803491570705038,20.10261867802878,33.5043644633813,33.5043644633813,214.4279325656403,67.0087289267626,33.5043644633813,0.0,6.7008728926762595,73.70960181943886,26.803491570705038,33.5043644633813,207.72705967296406,60.30785603408634,53.606983141410076,0.0,301.5392801704317,6.7008728926762595,13.401745785352519,100.5130933901439,46.90611024873382,33.5043644633813,0.0,0.0,6.7008728926762595,26.803491570705038
8,8.844586611136181,48.645226361249,8.844586611136181,66.33439958352136,75.17898619465754,35.378346444544725,0.0,0.0,150.35797238931508,4.422293305568091,66.33439958352136,48.645226361249,4.422293305568091,0.0,22.111466527840452,22.111466527840452,13.266879916704273,39.800639750112815,256.4930117229493,132.66879916704272,106.13503933363418,0.0,39.800639750112815,17.689173222272363,13.266879916704273,22.111466527840452,53.06751966681709,48.645226361249,199.00319875056408,48.645226361249,13.266879916704273,0.0,8.844586611136181,53.06751966681709,8.844586611136181,110.55733263920227,22.111466527840452,168.04714561158744,8.844586611136181,17.689173222272363,26.533759833408546,0.0
9,3.624478020503099,65.24060436905577,57.991648328049585,83.36299447157127,163.10151092263945,47.118214266540285,21.746868123018594,76.11403843056507,0.0,3.624478020503099,32.62030218452789,39.86925822553409,14.497912082012396,14.497912082012396,7.248956041006198,90.61195051257747,0.0,21.746868123018594,14.497912082012396,25.37134614352169,123.23225269710537,3.624478020503099,3.624478020503099,10.873434061509297,57.991648328049585,43.49373624603719,28.995824164024793,39.86925822553409,134.10568675861467,7.248956041006198,65.24060436905577,3.624478020503099,32.62030218452789,36.24478020503099,0.0,72.48956041006198,14.497912082012396,3.624478020503099,10.873434061509297,10.873434061509297,14.497912082012396,0.0
10,3.715268082891656,3.715268082891656,26.006876580241595,66.87482549204981,74.30536165783313,59.4442893262665,3.715268082891656,63.159557409158154,59.4442893262665,14.861072331566625,7.430536165783312,3.715268082891656,14.861072331566625,14.861072331566625,3.715268082891656,33.437412746024904,3.715268082891656,11.145804248674969,96.59697015518306,92.8817020722914,78.02062974072479,3.715268082891656,11.145804248674969,14.861072331566625,11.145804248674969,44.583216994699875,11.145804248674969,63.159557409158154,100.31223823807471,44.583216994699875,26.006876580241595,3.715268082891656,81.73589782361644,11.145804248674969,3.715268082891656,40.86794891180822,11.145804248674969,11.145804248674969,33.437412746024904,3.715268082891656,14.861072331566625,11.145804248674969
11,9.81225819042161,3.0663306845067533,37.40923435098239,113.45423532674987,25.143911612955378,33.11637139267294,1.839798410704052,37.40923435098239,45.38169413069995,5.5193952321121555,10.425524327322961,11.652056601125663,19.62451638084322,7.359193642816208,10.425524327322961,26.37044388675808,6.745927505914858,15.944919559435117,95.6695173566107,118.36036442196068,203.60435745124843,50.90108936281211,7.972459779717559,12.265322738027013,14.718387285632415,30.663306845067535,40.47556503548914,42.315363446193196,81.56439620787964,35.56943594027834,17.171451833237818,3.0663306845067533,95.05625121970935,13.491855011829715,0.6132661369013507,55.80721845802291,9.81225819042161,7.359193642816208,14.718387285632415,3.0663306845067533,11.652056601125663,0.6132661369013507
12,12.818190165199615,1.9720292561845563,53.244789916983024,61.46157848441867,47.65737369112678,47.00003060573193,3.2867154269742604,47.32870214842935,41.083942837178256,5.258744683158817,8.545460110133078,12.160847079804764,24.321694159609528,9.860146280922782,7.5594454820407995,28.265752671978642,2.6293723415794084,18.40560639105586,23.33567953151725,79.86718487547454,87.0979588148179,11.832175537107338,9.20280319552793,11.174832451712486,13.804204793291895,46.014015977639644,19.06294947645071,58.17486305744441,83.15390030244879,42.39862900796796,18.734277933753287,3.2867154269742604,41.412614379875684,21.363650275332695,2.9580438842768344,51.60143220349589,11.174832451712486,7.230773939343373,13.146861707897042,7.888117024738225,9.860146280922782,1.9720292561845563
13,22.006318380660705,0.0,13.753948987912942,57.76658574923435,0.0,22.006318380660705,0.0,0.0,33.00947757099106,8.252369392747765,27.507897975825884,19.255528583078117,16.50473878549553,8.252369392747765,0.0,27.507897975825884,0.0,11.003159190330353,46.763426558904,19.255528583078117,46.763426558904,52.26500615406918,19.255528583078117,2.750789797582588,16.50473878549553,60.51737554681694,0.0,57.76658574923435,170.54896745012047,46.763426558904,27.507897975825884,0.0,52.26500615406918,2.750789797582588,0.0,57.76658574923435,0.0,0.0,2.750789797582588,5.501579595165176,2.750789797582588,0.0
14,8.06412082558579,13.248198499176656,36.86455234553504,113.47370018860005,115.77773471019599,44.35266454072185,12.672189868777672,62.20893208309038,24.768371107156355,12.096181238378685,40.89661275832794,1.728025891196955,20.160302063964476,6.91210356478782,13.82420712957564,27.072405628752296,3.45605178239391,13.248198499176656,50.1127508447117,84.09726003825182,87.55331182064572,28.224422889550265,6.336094934388836,14.976224390373611,9.21613808638376,24.19236247675737,21.88832795516143,67.39300975668125,66.81700112628226,40.32060412792895,19.008284803166507,8.06412082558579,55.87283714870155,31.680474671944175,4.60806904319188,31.680474671944175,15.552233020772595,22.464336585560417,10.944163977580715,10.36815534718173,13.82420712957564,6.91210356478782
15,0.0,0.0,28.834527295411466,273.9280093064089,163.3956546739983,43.2517909431172,0.0,57.66905459082293,72.08631823852866,0.0,43.2517909431172,0.0,4.805754549235244,9.611509098470489,14.417263647705733,19.223018196940977,9.611509098470489,0.0,43.2517909431172,278.73376385564416,28.834527295411466,4.805754549235244,9.611509098470489,19.223018196940977,4.805754549235244,43.2517909431172,24.028772746176223,52.863300041587685,33.64028184464671,67.28056368929342,0.0,0.0,115.33810918164586,48.057545492352446,0.0,91.30933643546965,24.028772746176223,14.417263647705733,19.223018196940977,0.0,9.611509098470489,0.0
16,17.164497255233204,10.625641158001509,57.214990850777355,193.71361188048903,145.48954816340526,34.32899451046641,0.0,92.36134237339772,132.41183596894186,50.676134753545654,31.876923474004524,44.954635668467915,13.077712194463395,11.44299817015547,19.616568291695092,35.963708534774334,12.260355182309432,23.7033533524649,37.59842255908226,124.23826584740225,116.88205273801658,0.0,7.356213109385659,22.88599634031094,6.538856097231697,34.32899451046641,25.338067376772827,97.2654844463215,100.53491249493734,47.4067067049298,22.88599634031094,8.990927133693583,82.55305822755018,35.14635152262037,8.17357012153962,35.963708534774334,25.338067376772827,6.538856097231697,17.981854267387167,18.79921127954113,20.433925303849055,18.79921127954113
17,8.079194619844284,0.0,82.4077851224117,106.64536898194454,35.009843352658564,79.17610727447398,4.308903797250284,58.17020126287884,5.3861297465628555,3.770290822593999,4.308903797250284,2.6930648732814277,23.698970884876566,15.61977626503228,4.308903797250284,13.465324366407138,4.308903797250284,11.310872467781996,9.69503354381314,92.10281866622483,120.64930632300796,6.463355695875427,11.849485442438283,4.84751677190657,7.001968670531713,50.62961961769084,43.089037972502844,25.853422783501706,88.33252784363083,33.932617403345986,37.702908225939986,1.077225949312571,85.6394629703494,10.772259493125711,1.6158389239688566,70.5582996799734,28.546487656783135,8.079194619844284,13.465324366407138,0.0,3.2316778479377133,0.5386129746562855
18,25.482191413666943,0.0,91.00782647738194,127.41095706833472,54.60469588642917,58.24500894552445,0.0,3.640313059095278,0.0,0.0,0.0,10.920939177285833,21.841878354571666,21.841878354571666,36.40313059095278,43.68375670914333,0.0,25.482191413666943,40.043443650048054,40.043443650048054,112.84970483195362,76.44657424100083,0.0,3.640313059095278,7.280626118190556,58.24500894552445,43.68375670914333,25.482191413666943,145.6125223638111,7.280626118190556,7.280626118190556,0.0,98.2884525955725,10.920939177285833,0.0,7.280626118190556,10.920939177285833,21.841878354571666,18.20156529547639,0.0,0.0,10.920939177285833
19,8.441799452991003,20.401015344728254,68.23787891167727,61.203046034184766,114.66777590312778,50.65079671794601,23.214948495725256,64.01697918518177,60.499562746435515,7.0348328774925015,51.35428000569526,34.47068109971326,12.662699179486502,7.0348328774925015,10.552249316238752,35.174164387462504,4.924383014244751,8.441799452991003,110.44687617663227,52.76124658119376,78.08664494016676,23.918431783474507,4.220899726495501,14.069665754985003,11.255732603988003,35.877647675211755,7.0348328774925015,18.994048769229753,104.11552658688902,42.20899726495501,21.104498632477505,3.5174164387462508,56.98214630768926,34.47068109971326,2.8139331509970007,30.953264660967008,9.145282740740251,23.214948495725256,12.662699179486502,1.4069665754985003,2.8139331509970007,4.220899726495501
20,12.167313461559104,32.758151627274515,36.50194038467731,41.181676331430815,58.02872573974342,29.01436286987171,35.56599319532661,47.733306656885716,28.07841568052101,13.103260650909805,81.42740547351093,38.37383476337872,11.231366272208405,7.4875775148056025,13.103260650909805,43.98951789948292,5.615683136104202,16.847049408312607,51.47709541428852,73.93982795870532,254.5776355033905,21.526785355066107,2.807841568052101,14.039207840260506,8.423524704156303,30.886257248573113,18.718943787014005,54.28493698234062,76.74766952675743,45.86141227818432,16.847049408312607,2.807841568052101,57.09277855039272,22.46273254441681,5.615683136104202,35.56599319532661,18.718943787014005,51.47709541428852,14.039207840260506,12.167313461559104,22.46273254441681,6.551630325454902
21,9.70853879222869,23.897941642409084,50.7831259901193,49.28950463746874,84.38960642475708,38.83415516891476,26.88518434771022,53.023558019095155,43.31501922686647,8.961728115903407,59.74485410602271,33.606480434637774,11.202160144879258,6.721296086927555,11.202160144879258,36.59372313993891,5.227674734276987,11.202160144879258,79.16193169048009,57.50442207704686,143.3876498544545,21.657509613433234,3.734053381626419,13.44259217385511,9.70853879222869,31.366048405661925,11.202160144879258,32.11285908198721,85.88322777740764,41.074587197890615,17.923456231806814,2.9872427053011354,53.023558019095155,27.631995024035504,3.734053381626419,30.61923772933664,12.695781497529826,32.85966975831249,12.695781497529826,5.974485410602271,10.455349468553974,5.227674734276987
22,10.601419123947794,18.756356911599944,33.435244929373816,37.51271382319989,76.65641520393021,53.007095619738976,40.77468893826075,61.97752718615634,56.26907073479983,8.970431566417364,78.28740276146064,22.83382580542602,8.970431566417364,8.15493778765215,13.04790046024344,47.29863916838247,4.077468893826075,9.78592534518258,92.96629077923451,54.6380831772694,191.64103800982554,37.51271382319989,4.89296267259129,11.41691290271301,14.67888801777387,34.25073870813903,19.57185069036516,53.82258939850419,79.91839031899107,48.9296267259129,16.3098755753043,4.077468893826075,48.9296267259129,8.970431566417364,7.339444008886935,25.280307141721664,9.78592534518258,45.66765161085204,14.67888801777387,0.0,10.601419123947794,4.89296267259129
23,5.6894510424238645,32.71434349393722,48.36033386060285,56.183329043935665,73.25168217120725,42.67088281817898,22.757804169695458,47.64915248029987,44.804426959087934,9.956539324241763,57.60569180454163,30.580799353028272,12.090083465150713,5.6894510424238645,7.8229951833328135,43.38206419848197,4.978269662120882,13.512446225756678,76.80758907272217,46.2267897196939,199.84196786513823,21.33544140908949,4.978269662120882,7.8229951833328135,21.33544140908949,9.956539324241763,11.378902084847729,35.559069015149156,90.32003529847886,38.40379453636108,21.33544140908949,2.8447255212119322,55.47214766363268,39.826157296967054,4.267088281817898,21.33544140908949,21.33544140908949,43.38206419848197,9.956539324241763,4.978269662120882,10.667720704544745,4.978269662120882
24,8.156728527735044,37.5209512275812,58.72844539969232,54.65008113582479,75.8575753079359,34.25825981648718,26.917204141525644,44.046334049769236,52.203062577504284,4.078364263867522,66.88517392742736,46.49335260808975,11.419419938829062,4.894037116641027,15.497784202696582,35.889605522034195,2.4470185583205133,13.050765644376071,123.98227362157266,65.25382822188035,230.83541733490173,18.7604756137906,5.709709969414531,8.156728527735044,13.050765644376071,34.25825981648718,8.972401380508549,15.497784202696582,130.5076564437607,54.65008113582479,32.62691411094018,2.4470185583205133,51.387389724730774,18.7604756137906,7.34105567496154,35.073932669260685,27.73287699429915,49.75604401918377,8.972401380508549,8.972401380508549,10.603747086055558,8.156728527735044
25,15.225980108978463,17.01727188650534,55.53004510333322,61.79956632467729,151.3641552010212,93.14717243139766,15.225980108978463,77.9211923224192,67.17344165725792,1.7912917775268782,80.60812998870952,25.97373077413973,10.747750665161268,1.7912917775268782,11.643396553924708,36.721481439301,6.269521221344074,6.269521221344074,122.70348676059115,75.23425465612888,101.20798543026862,21.495501330322536,4.478229443817195,19.70420955279566,11.643396553924708,28.66066844043005,6.269521221344074,60.00827454715042,93.14717243139766,54.63439921456978,11.643396553924708,2.686937666290317,40.30406499435476,46.57358621569883,6.269521221344074,46.57358621569883,7.165167110107513,35.82583555053756,7.165167110107513,15.225980108978463,6.269521221344074,10.747750665161268
26,8.46402176259111,16.92804352518222,53.32333710432399,33.009684874105325,60.94095669065599,41.473706636696434,25.392065287773327,35.54889140288266,18.62084787770044,9.31042393885022,66.01936974821065,50.784130575546655,6.771217410072888,22.006456582736885,5.924815233813777,45.70571751799199,11.849630467627554,6.771217410072888,132.0387394964213,65.17296757195155,144.73477214030797,11.849630467627554,0.0,6.771217410072888,11.849630467627554,35.54889140288266,3.385608705036444,55.01614145684221,77.0225980395791,39.78090228417822,17.77444570144133,5.078413057554665,65.17296757195155,14.388836996404887,3.385608705036444,33.85608705036444,5.924815233813777,47.398521870510216,17.77444570144133,3.385608705036444,11.849630467627554,2.5392065287773327
27,13.52655933390651,26.207708709443864,72.7052564197475,103.14001492103715,112.43952446309787,17.753609125752295,43.115907876827,39.734268043350376,51.570007460518575,5.9178697085840986,96.3767352540839,43.96131783519616,10.144919500429884,5.9178697085840986,21.98065891759808,33.816398334766276,6.763279666953255,13.52655933390651,107.36706471288294,57.487877169102674,220.65199913434995,20.289839000859768,4.2270497918457846,15.217379250644825,10.144919500429884,39.734268043350376,12.681149375537354,23.671478834336394,53.26082737725689,60.8695170025793,24.51688879270555,1.6908199167383138,57.487877169102674,29.589348542920494,1.6908199167383138,52.41541741888773,23.671478834336394,39.734268043350376,16.06278920901398,0.8454099583691569,16.908199167383138,12.681149375537354
28,10.370367380737887,3.9886028387453414,35.099704980959004,94.13102699439006,59.03132201343105,33.50426384546087,2.393161703247205,36.695146116457146,51.85183690368944,9.57264681298882,5.584043974243478,9.57264681298882,21.538455329224846,7.977205677490683,12.763529083985093,33.50426384546087,6.381764541992546,12.763529083985093,74.18801280066336,112.47860005261863,78.97433620715776,22.336175896973913,6.381764541992546,11.965808516236024,19.14529362597764,18.347573058228573,16.752131922730435,74.18801280066336,105.29911494287701,19.943014193726707,19.14529362597764,7.179485109741615,47.863234064944095,34.30198441320994,5.584043974243478,35.89742554870807,15.954411354981366,3.190882270996273,15.156690787232298,4.78632340649441,12.763529083985093,5.584043974243478
29,7.23865359898193,1.6085896886626512,26.541729862933746,100.5368555414157,45.040511282554235,24.933140174271095,1.6085896886626512,41.0190370608976,36.193267994909654,6.434358754650605,6.434358754650605,8.84724328764458,14.47730719796386,6.434358754650605,5.630063910319279,41.82333190522893,5.630063910319279,11.260127820638559,78.01659990013859,86.86384318778316,246.91851720971695,39.410447372234955,6.434358754650605,16.890191730957838,8.84724328764458,36.193267994909654,29.758909240259047,52.27916488153616,120.64422664969884,39.410447372234955,20.10737110828314,2.412884532993977,98.92826585275304,23.32455048560844,4.825769065987954,44.23621643822291,10.455832976307233,3.2171793773253023,7.23865359898193,0.8042948443313256,11.260127820638559,2.412884532993977
30,9.427928212735845,3.3275040750832394,56.56756927641507,57.67673730144282,44.92130501362373,42.980260969825174,2.218336050055493,55.45840125138732,49.080685107477784,6.932300156423415,7.486884168937289,8.596052193965035,30.22482868200609,10.259804231506655,6.100424137652606,36.04796081340176,4.713964106367922,15.805644356645388,13.86460031284683,57.67673730144282,184.12189215460592,15.52835235038845,6.655008150166479,16.637520375416198,7.764176175194225,36.602544825915636,16.637520375416198,75.7007177081437,73.20508965183127,46.03047303865148,20.242316456756374,3.6047960813401763,47.13964106367923,21.628776488041055,1.9410440437985563,49.080685107477784,14.69647633161764,9.427928212735845,23.01523651932574,2.772920062569366,10.537096237763592,1.9410440437985563
31,3.349573245130108,5.86175317897769,120.5846368246839,112.21070371185863,42.70705887540888,77.0401846379925,0.0,59.45492510105942,29.30876589488845,5.86175317897769,25.95919264975834,18.422652848215595,5.024359867695162,19.260046159498124,8.37393311282527,10.048719735390325,1.674786622565054,6.699146490260216,33.49573245130108,109.69852377801105,185.06392179343848,34.33312576258361,2.512179933847581,25.95919264975834,4.186966556412635,41.86966556412635,10.886113046672852,44.381845497973934,97.13762410877314,40.1948789415613,15.073079603085487,11.72350635795538,74.5280047041449,48.56881205438657,10.048719735390325,54.43056523336426,10.886113046672852,10.886113046672852,18.422652848215595,0.0,1.674786622565054,1.674786622565054
32,8.298995300748937,4.610552944860521,52.56030357140994,66.39196240599149,52.56030357140994,46.10552944860521,0.0,47.94975062654942,21.208543546358396,10.143216478693146,5.532663533832625,15.67588001252577,23.052764724302605,9.221105889721041,5.532663533832625,29.507538847107334,4.610552944860521,13.831658834581562,24.89698590224681,55.32663533832625,292.309056704157,41.49497650374469,3.6884423558884167,32.27387061402364,13.831658834581562,41.49497650374469,22.1306541353305,47.027640037577314,91.28894830823832,93.13316948618252,33.195981202995746,0.9221105889721042,26.74120708019102,44.261308270661,4.610552944860521,63.62563063907519,12.909548245609459,3.6884423558884167,19.364322368414186,0.0,18.442211779442083,0.0
33,10.778465864227083,0.8982054886855904,38.62283601348039,104.19183668752848,37.7246305247948,11.676671352912674,0.0,38.62283601348039,76.34746653827519,1.7964109773711807,14.371287818969446,16.167698796340627,24.25154819451094,10.778465864227083,15.269493307655036,25.14975368319653,5.389232932113542,10.778465864227083,39.52104150216598,92.5151653346158,263.17420818487795,22.455137217139757,16.167698796340627,7.185643909484723,8.083849398170313,33.233603081366844,13.473082330283855,97.90439826672934,62.874384207991326,53.89232932113542,28.74257563793889,0.8982054886855904,46.706685411650696,26.04795917188212,0.8982054886855904,60.179767741934555,13.473082330283855,5.389232932113542,8.982054886855904,5.389232932113542,8.083849398170313,8.982054886855904
34,16.130859326846835,0.4963341331337488,62.538100774852346,40.451231850400525,57.07842531038111,39.954897717266775,3.226171865369367,44.91823904860426,14.890023994012463,5.956009597604985,1.7371694659681207,10.17484972924185,36.23239171876366,10.919350928942473,6.948677863872483,33.50255398652804,6.700510797305609,3.7225059985031157,35.487890519063036,57.57475944351486,137.7327219446153,12.160186261776845,10.423016795808724,26.802043189222434,4.715174264770614,29.531880921458054,9.182181462974352,93.0626499625779,75.44278823632982,47.39990971427301,8.685847329840604,3.4743389319362414,58.31926064321548,21.59053479131807,1.7371694659681207,12.656520394910594,15.386358127146211,11.167517995509348,3.9706730650699904,0.7445011997006231,3.4743389319362414,1.4890023994012462
35,6.517801254503507,0.0,28.243805436181862,65.17801254503507,25.347004878624748,57.93601115114228,2.1726004181678356,12.311402369617735,5.793601115114228,6.517801254503507,1.448400278778557,7.966201533282064,42.727808223967436,8.690401672671342,1.448400278778557,34.76160669068537,2.896800557557114,21.001804042289077,21.726004181678356,80.38621547220991,143.39162759907714,23.174404460456913,10.863002090839178,13.035602509007013,10.863002090839178,40.5552078057996,31.140605993738976,90.52501742365982,66.62641282381362,59.38441142992084,17.380803345342684,0.0,41.27940794518888,11.587202230228456,4.345200836335671,72.42001393892785,11.587202230228456,3.6210006969463926,7.242001393892785,0.0,6.517801254503507,3.6210006969463926
36,2.6548320462610224,0.6637080115652556,55.75147297148147,103.87030380996251,93.91468363648367,67.36636317387344,0.9955620173478834,4.314102075174161,108.18440588513667,16.924554294914017,18.25197031804453,1.659270028913139,1.659270028913139,1.3274160231305112,10.61932818504409,31.85798455513227,6.968934121435184,20.906802364305552,49.77810086739417,112.1666539545282,208.40431563149028,24.22534242213183,10.61932818504409,3.9822480693915336,14.269722248652995,31.194276543567014,26.216466456827597,103.20659579839725,92.58726761335316,34.180962595610666,22.234218387436062,3.318540057826278,41.14989671704585,25.88461245104497,4.64595608095679,10.951182190826717,2.6548320462610224,22.897926399001317,22.56607239321869,0.6637080115652556,19.91124034695767,5.641518098304672
37,12.188874866933446,25.190341391662457,81.25916577955631,9.751099893546757,31.691074654026963,23.56515807607133,48.755499467733785,34.12884962741365,14.626649840320136,46.3177244943471,46.3177244943471,48.755499467733785,21.12738310268464,8.12591657795563,20.314791444889078,41.44217454757372,8.12591657795563,21.12738310268464,88.57249069971638,61.756965992462796,79.63398246396518,35.75403294300477,10.56369155134232,13.00146652472901,18.68960812929795,29.25329968064027,19.502199787093513,28.44070802284471,93.44804064648976,44.692541178755974,30.065891338435836,4.875549946773378,40.629582889778156,34.12884962741365,6.500733262364505,43.87994952096041,20.314791444889078,7.313324920160068,17.064424813706825,19.502199787093513,14.626649840320136,8.12591657795563
38,39.97040542874032,43.96744597161435,81.27315770510532,9.326427933372742,62.620301838359836,70.6143829241079,57.29091444786113,21.317549561994838,25.31459010486887,19.98520271437016,15.988162171496128,53.293873904987095,17.320509019120806,23.982243257244193,45.29979281923903,30.64397749536758,15.988162171496128,46.63213966686371,47.964486514488385,62.620301838359836,113.24948204809758,25.31459010486887,5.3293873904987095,34.64101803824161,11.991121628622096,57.29091444786113,38.638058581115644,41.302752276365,102.59070726710016,43.96744597161435,57.29091444786113,25.31459010486887,46.63213966686371,18.652855866745483,7.994081085748064,94.5966261813521,45.29979281923903,21.317549561994838,45.29979281923903,29.311630647742902,31.976324342992257,13.323468476246774
39,31.873191403590205,44.912224250513475,59.400038524872656,15.936595701795103,47.80978710538531,56.50247567000082,55.0536942425649,28.97562854871837,30.424409976154287,39.117098540769796,39.117098540769796,36.21953568589796,21.73172141153878,20.28293998410286,30.424409976154287,37.66831711333388,10.14146999205143,49.25856853282123,28.97562854871837,50.70734996025715,115.90251419487348,13.039032846923266,18.83415855666694,15.936595701795103,14.487814274359184,68.09272708948816,20.28293998410286,46.36100567794939,78.23419708153959,46.36100567794939,47.80978710538531,23.180502838974697,49.25856853282123,17.38537712923102,10.14146999205143,97.06835563820654,40.56587996820572,24.629284266410615,43.46344282307756,17.38537712923102,40.56587996820572,11.590251419487348
40,20.45359703643802,36.81647466558843,98.17726577490248,9.545011950337742,58.633644837788985,46.361486615926175,47.72505975168871,61.36079110931406,19.090023900675483,72.26937619541432,54.542925430501384,10.908585086100276,21.81717017220055,17.72645076491295,40.90719407287604,34.089328394063365,4.090719407287604,40.90719407287604,20.45359703643802,79.087241874227,102.26798518219009,69.54222992388927,16.362877629150415,65.45151051660166,13.635731357625346,43.6343403444011,31.362182122538293,46.361486615926175,139.08445984777853,19.090023900675483,35.4529015298259,32.72575525830083,73.63294933117686,9.545011950337742,2.727146271525069,72.26937619541432,53.17935229473885,23.180743307963088,13.635731357625346,29.99860898677576,46.361486615926175,8.181438814575207
41,42.52443592660788,62.60541955861715,54.33677923955451,16.537280638125285,41.34320159531321,36.61826427013456,64.96788822120648,73.23652854026912,28.349623951071916,73.23652854026912,9.449874650357305,64.96788822120648,29.53085828236658,14.174811975535958,28.349623951071916,73.23652854026912,27.168389619777255,24.805920957187926,157.10416606219022,51.97431057696518,89.7738091783944,23.624686625893265,12.993577644241295,29.53085828236658,2.3624686625893263,64.96788822120648,18.89974930071461,36.61826427013456,191.35996166973544,47.24937325178653,41.34320159531321,20.080983632009275,38.98073293272389,54.33677923955451,10.63110898165197,40.16196726401855,38.98073293272389,12.993577644241295,54.33677923955451,40.16196726401855,33.07456127625057,31.893326944955906
42,15.186565128838406,45.55969538651522,49.06428733932408,8.17738122322068,43.22330075130931,63.08265515055953,63.08265515055953,17.522959764044316,21.02755171685318,25.700340987264994,35.04591952808863,39.71870879850045,10.51377585842659,4.672789270411817,35.04591952808863,22.19574903445613,1.1681973176029543,43.22330075130931,128.50170493632498,58.40986588014772,63.08265515055953,14.018367811235452,16.35476244644136,8.17738122322068,4.672789270411817,59.57806319775067,46.727892704118176,46.727892704118176,116.81973176029544,47.89609002172113,24.53214366966204,10.51377585842659,50.232484656927035,50.232484656927035,3.504591952808863,79.4374175970009,42.05510343370636,10.51377585842659,30.373130257676813,11.681973176029544,17.522959764044316,8.17738122322068
43,22.757979177420548,20.555594095734687,82.22237638293875,5.8730268844956255,34.5040329464118,38.174674749221566,54.325498681584534,27.89687770135422,22.023850816858594,16.150823932362968,6.607155245057578,30.09926278304008,18.35320901404883,2.9365134422478127,38.90880310978352,18.35320901404883,13.214310490115157,16.884952292924922,66.80568081113773,30.833391143602032,80.75411966181484,11.011925408429297,11.011925408429297,30.833391143602032,23.492107537982502,46.25008671540305,8.809540326743438,25.69449261966836,60.19852556608016,52.85724196046063,45.515958354841096,9.543668687305392,35.972289667535705,27.89687770135422,4.404770163371719,50.654856878774766,23.492107537982502,8.075411966181484,25.69449261966836,14.682567211239062,21.28972245629664,6.607155245057578
44,11.572010117867846,21.986819223948906,50.91684451861852,15.043613153228199,45.1308394596846,45.1308394596846,61.331653624699584,11.572010117867846,16.200814165014982,50.91684451861852,20.82961821216212,10.41480910608106,17.358015176801768,13.886412141441415,38.18763338896389,34.716030353603536,1.1572010117867846,27.77282428288283,9.257608094294277,71.74646273078065,159.69373962657627,19.67241720037534,13.886412141441415,32.401628330029965,24.301221247522477,81.00407082507492,15.043613153228199,35.873231365390325,104.14809106081061,24.301221247522477,53.23124654219209,16.200814165014982,48.602442495044954,18.515216188588553,11.572010117867846,96.04768397830311,21.986819223948906,17.358015176801768,48.602442495044954,26.615623271096045,27.77282428288283,6.9432060707207075
45,55.15890570449273,34.83720360283752,68.2228570555568,13.063951351064068,66.77130690543858,74.02905765602972,52.25580540425627,43.5465045035469,30.482553152482826,65.31975675532034,43.5465045035469,37.74030390307398,23.22480240189168,17.41860180141876,23.22480240189168,31.934103302601056,18.87015195153699,62.41665645508388,29.031003002364596,43.5465045035469,89.99610930733026,2.90310030023646,23.22480240189168,44.99805465366513,43.5465045035469,60.96510630496565,14.515501501182298,42.09495435342867,113.22091170922192,30.482553152482826,30.482553152482826,14.515501501182298,37.74030390307398,27.579452852246366,4.35465045035469,71.12595735579326,15.967051651300528,11.61240120094584,29.031003002364596,18.87015195153699,23.22480240189168,13.063951351064068
46,9.389454629688862,2.4343030521415567,53.554667147114245,11.476000102953051,4.173090946528383,9.737212208566227,45.904000411812206,50.07709135834059,4.520848525405748,66.42169756557675,59.46654598802945,82.76630377281292,25.038545679170294,20.517697153764548,11.476000102953051,32.341454835594966,5.216363683160479,20.169939574887184,71.29030366985987,146.40594070737075,96.67660692790753,25.38630325804766,4.173090946528383,18.778909259377723,16.344606207236165,37.210060939878076,21.560969890396645,87.9826674559734,107.10933429422849,30.60266694120814,20.517697153764548,4.173090946528383,57.380000514765264,42.07866704416119,4.173090946528383,35.12351546661389,16.692363786113532,12.171515260707782,7.302909156424669,6.607393998669939,13.562545576217243,2.7820606310189215
47,19.262306010278884,10.233100067960658,54.17523565390936,7.2233647538545815,15.650623633351595,19.262306010278884,35.514876706451695,34.91292964363048,3.6116823769272908,45.14602971159113,47.553817962875996,100.52515949114293,18.058411884636456,7.2233647538545815,12.640888319245517,36.11682376927291,10.835047130781872,21.06814719874253,45.14602971159113,61.398600407763944,143.2634009514492,30.097353141060758,5.417523565390936,12.038941256424303,13.844782444887949,46.34992383723357,27.689564889775898,42.13629439748506,89.69011236036106,65.61222984751245,22.27204132438496,6.019470628212152,71.02975341290339,23.47593545002739,7.825311816675797,44.54408264876992,16.854517758994024,11.436994193603088,9.029205942318228,10.233100067960658,19.262306010278884,8.427258879497012
48,13.789502325427495,7.608001282994481,60.38851018376869,5.70600096224586,5.230500882058705,9.034501523555946,46.599007858341196,54.207009141335675,4.279500721684395,54.68250922152283,54.68250922152283,68.47201154695033,28.054504731042147,12.838502165053185,11.41200192449172,35.66250601403663,3.8040006414972405,22.348503768796288,19.49550328767336,68.94751162713749,174.03302934849873,16.642502806550425,7.132501202807325,14.26500240561465,17.11800288673758,42.319507136656796,22.348503768796288,89.39401507518515,89.39401507518515,49.45200833946412,19.49550328767336,4.75500080187155,38.0400064149724,23.77500400935775,4.279500721684395,49.92750841965128,21.87300368860913,20.446503448047668,10.46100176411741,8.55900144336879,14.740502485801807,3.8040006414972405
49,13.849532707771079,9.617731047063248,41.54859812331323,8.848312563298188,8.078894079533129,10.00244028894578,53.089875379789135,29.622611624954807,6.5400571120030095,73.86417444144575,71.9406282320331,71.17120974826804,17.696625126596377,27.699065415542158,18.850752852243968,30.39203010871987,3.8470924188252997,22.69784527106927,91.17609032615961,98.10085668004514,171.19561263772584,35.00854101131023,6.5400571120030095,30.776739350602398,8.46360332141566,53.089875379789135,25.006100722364447,46.1651090259036,164.65555552572283,39.24034267201806,28.083774657424687,2.30825545129518,64.24644339438251,51.935747654141544,1.9235462094126499,44.62627205837347,21.928426787304208,8.848312563298188,10.00244028894578,3.4623831769427698,15.003660433418668,8.46360332141566
50,21.430284653335534,1.737590647567746,56.761294487213036,6.3711657077484025,9.846347002883894,16.217512710632295,27.801450361083937,40.543781776580744,6.3711657077484025,35.3310098338775,45.1773568367614,88.61712302595505,25.48466283099361,2.3167875300903282,13.321528298019386,37.06860048144525,2.3167875300903282,24.326269065948445,73.55800408036792,33.59341918630976,187.08059305479398,13.321528298019386,2.89598441261291,13.321528298019386,14.479922063064551,38.22699424649041,33.01422230378717,94.98828873370346,68.34523213766468,62.55326331243886,17.95510335820004,2.89598441261291,51.5485225445098,4.6335750601806565,8.108756355316148,35.3310098338775,26.06385971351619,8.108756355316148,6.950362590270984,5.79196882522582,15.638315828109715,2.3167875300903282
51,17.383734473069016,4.05620471038277,54.46903468228291,5.7945781576896715,5.215120341920704,4.635662526151737,43.45933618267254,63.160901918817416,5.7945781576896715,64.89927536612431,45.197709629979435,114.15318970648653,15.645361025762114,27.813975156910423,27.813975156910423,34.18801113036906,5.7945781576896715,38.244215840751835,57.945781576896714,34.76746894613803,186.00595886183845,29.552348604217325,3.476746894613803,28.39343297267939,19.701565736144882,45.777167445748404,28.972890788448357,86.3392145495761,136.75204452147625,78.80626294457953,42.87987836690357,6.374035973458638,49.833372156131176,70.69385352381398,12.748071946917277,49.25391434036221,25.496143893834553,16.804276657300047,2.3178312630758686,9.850782868072441,14.486445394224178,5.215120341920704
52,13.31526764922943,3.7282749417842402,51.66323847901019,21.837038944736264,6.391328471630127,20.239206826828735,41.011024359626646,70.83722389390057,0.5326107059691771,66.04372754017797,28.76097812233557,52.72845989094854,39.41319224171911,6.391328471630127,15.44571047310614,20.239206826828735,10.652214119383544,23.967481768612974,43.67407788947253,152.32666190718467,145.93533343555455,33.55447447605816,5.326107059691772,14.380489061167784,12.782656943260253,51.13062777304101,38.347970829780756,64.97850612823962,117.17435531321898,64.97850612823962,18.6413747089212,7.4565498835684805,47.93496353722595,37.81536012381158,1.0652214119383543,50.06540636110265,29.826199534273922,22.90226035667462,5.326107059691772,14.913099767136961,10.652214119383544,4.7934963537225945
53,6.350620183858101,8.255806239015532,61.601015783423584,10.160992294172962,14.606426422873634,15.876550459645253,38.10372110314861,72.39707009598236,2.5402480735432404,34.29334899283375,82.55806239015531,71.12694605921074,26.672604772204025,32.38816293767632,16.511612478031065,34.29334899283375,1.9051860551574304,21.592108625117547,57.155581654722916,141.61883010003567,125.74227964039041,28.577790827361458,7.620744220629722,8.890868257401342,8.890868257401342,46.35952734216414,19.051860551574304,33.65828697444794,59.060767709880345,46.99458936054995,25.402480735432405,5.080496147086481,53.98027156279386,53.34520954440805,5.715558165472292,46.35952734216414,17.781736514802684,21.592108625117547,7.620744220629722,9.525930275787152,13.971364404487824,10.160992294172962
54,8.161628176665136,4.080814088332568,68.20789261927293,8.744601617855503,6.704194573689219,9.910548500236237,25.359344691780958,49.84422922177637,6.9956812942844016,51.884636265942646,30.897592383089442,98.522511561172,18.65515011809174,15.740282912139904,9.036088338450686,23.02745092701949,5.246760970713302,21.570017324043572,51.593149545347465,81.90776848724654,91.23534354629241,23.610424368209856,6.121221132498852,13.991362588568803,15.157309470949537,28.565698618327975,12.242442264997704,46.34638857463416,98.81399828176718,42.265574486301595,19.821097000472474,2.3318937647614675,58.58883083963187,34.395433030231644,3.206353926547018,37.31030023618348,19.238123559282105,8.161628176665136,2.9148672059518344,4.663787529522935,8.453114897260319,0.5829734411903669
55,46.75675840695619,31.794595716730207,89.77297614135588,20.57297369906072,52.36756941579093,57.978380424625676,48.62702874323443,26.183784707895466,20.57297369906072,35.535136389286706,29.92432538045196,37.40540672556495,22.44324403533897,22.44324403533897,39.2756770618432,35.535136389286706,18.702703362782476,59.84865076090392,37.40540672556495,35.535136389286706,140.27027522086857,13.091892353947733,13.091892353947733,31.794595716730207,18.702703362782476,59.84865076090392,35.535136389286706,41.14594739812144,82.29189479624289,39.2756770618432,48.62702874323443,24.313514371617217,39.2756770618432,24.313514371617217,9.351351681391238,82.29189479624289,41.14594739812144,20.57297369906072,29.92432538045196,41.14594739812144,35.535136389286706,22.44324403533897
56,58.19540912543798,32.73491763305886,105.47917903985635,21.823278422039245,50.92098298475824,80.01868754747723,49.1023764495883,36.37213070339874,9.093032675849685,41.827950308908555,32.73491763305886,34.553524168228805,27.279098027549054,18.18606535169937,49.1023764495883,49.1023764495883,16.36745881652943,72.74426140679748,36.37213070339874,34.553524168228805,185.4978665873336,18.18606535169937,9.093032675849685,27.279098027549054,12.73024574618956,81.83729408264716,38.19073723856868,41.827950308908555,89.11172022332691,43.64655684407849,47.283769914418365,34.553524168228805,41.827950308908555,7.274426140679748,12.73024574618956,94.56753982883673,43.64655684407849,20.004671886869307,27.279098027549054,32.73491763305886,43.64655684407849,18.18606535169937
57,41.57516284676653,36.68396721773517,92.93271695159576,22.0103803306411,68.47673880643899,44.0207606612822,58.69434754837628,17.119184701609747,39.12956503225085,36.68396721773517,31.792771588703815,51.35755410482924,22.0103803306411,31.792771588703815,34.238369403219494,26.90157595967246,24.45597814515678,58.69434754837628,46.46635847579788,46.46635847579788,117.38869509675256,7.336793443547035,22.0103803306411,46.46635847579788,29.34717377418814,46.46635847579788,41.57516284676653,51.35755410482924,95.37831476611144,41.57516284676653,61.13994536289195,17.119184701609747,44.0207606612822,51.35755410482924,7.336793443547035,88.0415213225644,46.46635847579788,24.45597814515678,41.57516284676653,63.58554317740763,31.792771588703815,34.238369403219494
58,29.13512890143862,30.956074457778534,94.68916892967552,20.03040111973905,76.47971336627637,74.65876780993646,69.19593114091673,32.77702001411845,7.283782225359655,50.98647557751759,9.10472778169957,29.13512890143862,23.67229223241888,9.10472778169957,38.239856683138186,47.34458446483776,3.6418911126798275,76.47971336627637,50.98647557751759,29.13512890143862,274.96277900732696,20.03040111973905,18.20945556339914,27.314183345098705,7.283782225359655,72.83782225359656,45.523638908497844,45.523638908497844,96.51011448601542,16.388510007059224,38.239856683138186,30.956074457778534,27.314183345098705,7.283782225359655,7.283782225359655,112.89862449307465,32.77702001411845,23.67229223241888,30.956074457778534,49.16553002117767,27.314183345098705,14.56756445071931
59,41.080901966283676,44.99336882021545,70.42440337077201,31.299734831454227,56.730769382010784,86.07427078649913,72.38063679773789,7.824933707863557,17.606100842693003,60.64323623594257,27.38726797752245,37.168435112351894,11.737400561795335,17.606100842693003,48.90583567414723,23.47480112359067,7.824933707863557,66.51193651684024,46.94960224718134,29.343501404488336,89.9867376404309,5.868700280897667,25.43103455055656,21.518567696624782,27.38726797752245,105.63660505615802,39.12466853931778,43.037135393249564,84.11803735953323,43.037135393249564,58.68700280897667,7.824933707863557,37.168435112351894,43.037135393249564,9.781167134829445,121.28647247188513,48.90583567414723,21.518567696624782,33.25596825842012,29.343501404488336,23.47480112359067,13.693633988761224
60,43.78802380131665,24.158909683485046,98.145570589158,15.099318552178154,49.827751222187906,25.668841538702864,33.21850081479194,12.079454841742523,19.6291141178316,19.6291141178316,39.2582282356632,22.64897782826723,19.6291141178316,21.139045973049416,43.78802380131665,45.29795565653446,27.17877339392068,54.35754678784136,49.827751222187906,55.86747864305917,84.55618389219767,19.6291141178316,13.58938669696034,25.668841538702864,19.6291141178316,49.827751222187906,34.72843267000975,21.139045973049416,80.02638832654422,42.27809194609883,27.17877339392068,34.72843267000975,27.17877339392068,12.079454841742523,15.099318552178154,110.22502543090053,30.198637104356308,33.21850081479194,27.17877339392068,39.2582282356632,16.60925040739597,33.21850081479194
61,42.60048917440276,22.42131009179093,127.80146752320829,17.93704807343274,60.5375372478355,76.23245431208916,53.811144220298225,17.93704807343274,17.93704807343274,31.3898341285073,15.69491706425365,31.3898341285073,6.726393027537278,56.05327522947732,53.811144220298225,44.84262018358186,42.60048917440276,82.95884733962643,31.3898341285073,29.147703119328206,199.54965981693925,29.147703119328206,20.179179082611835,65.0217992661937,26.905572110149112,107.62228844059645,42.60048917440276,44.84262018358186,96.41163339470098,38.11622715604458,58.29540623865641,31.3898341285073,53.811144220298225,15.69491706425365,20.179179082611835,91.9273713763428,53.811144220298225,31.3898341285073,33.63196513768639,26.905572110149112,20.179179082611835,38.11622715604458
62,43.769545158463494,60.60398560402638,122.89141525260904,18.517884490119172,47.13643324757607,104.37353076248986,53.87020942580122,11.784108311894018,25.251660668344325,20.201328534675458,20.201328534675458,52.18676538124493,8.417220222781442,30.30199280201319,31.985436846569478,47.13643324757607,23.568216623788036,35.352324935682056,55.55365347035751,28.6185487574569,161.61062827740366,6.733776178225153,10.100664267337729,15.150996401006594,11.784108311894018,57.2370975149138,33.66888089112577,30.30199280201319,74.07153796047669,48.81987729213236,67.33776178225153,18.517884490119172,35.352324935682056,13.467552356450305,10.100664267337729,69.02120582680782,40.402657069350916,18.517884490119172,26.93510471290061,65.65431773769524,25.251660668344325,10.100664267337729
63,57.48485141961052,27.871443112538437,55.74288622507687,15.67768675080287,55.74288622507687,41.80716466880765,57.48485141961052,5.225895583600956,29.61340830707209,22.645547528937477,26.12947791800478,36.5812690852067,26.12947791800478,20.903582334403826,29.61340830707209,36.5812690852067,12.193756361735565,29.61340830707209,59.22681661414418,27.871443112538437,158.51883270256235,12.193756361735565,8.709825972668261,40.065199474274,17.419651945336522,40.065199474274,24.38751272347113,38.32323427974035,81.87236414308165,40.065199474274,48.77502544694226,22.645547528937477,24.38751272347113,27.871443112538437,6.967860778134609,73.1625381704134,67.93664258681244,22.645547528937477,20.903582334403826,43.54912986334131,41.80716466880765,12.193756361735565
64,9.219436471176774,2.440439065899734,53.41849955358307,4.067398443166224,8.405956782543528,8.948276574965691,46.91066204451711,57.21473810053821,2.1692791696886524,56.67241830811605,58.8416974778047,87.85580637239043,33.35266723396303,11.931035433287589,8.948276574965691,32.81034744154087,3.253918754532979,12.20219532949867,62.637936024759846,99.51568190946693,115.24295588970966,24.40439065899734,2.982758858321897,14.100314602976242,16.811913565087057,41.48746412029548,16.269593772664894,81.89028865574663,110.3620777579102,29.827588583218972,14.913794291609486,3.5250786507440606,54.774299034638474,25.48903024384167,3.796238546955142,40.945144327873315,19.252352630986792,8.405956782543528,6.778997405277039,5.965517716643794,9.761756263598937,2.1692791696886524
65,9.456750217895358,3.8527500887721833,47.283751089476795,7.005000161403969,8.406000193684763,11.20800025824635,47.63400109754699,66.54750153333771,5.253750121052978,41.679750960353616,43.43100100070461,53.93850124281057,28.720500661756276,10.507500242105955,9.807000225965558,44.481751024915205,3.1522500726317864,21.01500048421191,17.162250395439724,42.730500984564216,261.9870060365085,12.258750282456948,4.903500112982779,14.010000322807938,15.761250363158931,51.486751186319175,21.365250492282108,134.4960030989562,86.86200200140922,52.88775121859997,20.31450046807151,3.5025000807019846,43.080750992634414,19.964250460001313,4.903500112982779,61.99425142842513,37.82700087158143,30.12150069403707,15.761250363158931,7.705500177544367,9.807000225965558,5.954250137193374
66,12.522992492872607,1.0889558689454442,63.703918333308486,5.444779344727221,9.256124886036275,14.156426296290775,41.9248009543996,46.8251023646541,3.8113455413090547,51.7254037749086,52.269881709381316,112.16245450138075,13.611948361818053,3.8113455413090547,9.800602820508997,40.83584508545415,6.5337352136726645,9.256124886036275,16.334338034181663,22.323595313381606,160.62099066945302,15.245382165236219,5.444779344727221,25.590462920217938,13.611948361818053,44.10271269229049,14.700904230763497,71.8710873503993,92.56124886036275,98.5505061395627,13.067470427345329,3.8113455413090547,51.7254037749086,38.11345541309055,2.1779117378908883,33.21315400283605,12.522992492872607,5.444779344727221,5.9892572791999426,8.167169017090831,9.800602820508997,4.355823475781777
67,7.23065837711503,2.957996608819785,63.10392765482208,7.23065837711503,9.531322406197084,14.46131675423006,58.50259959665797,26.621969479378066,6.901992087246165,23.335306580689416,20.705976261738495,48.64261090059202,53.572605248624996,16.104648203574385,10.845987565672544,23.335306580689416,1.97199773921319,5.91599321763957,51.6006075094118,120.29186209200459,192.26977957328603,28.92263350846012,1.97199773921319,15.11864933396779,9.20265611632822,34.83862672609969,15.447315623836655,134.09584626649692,88.08256568485582,57.18793443718251,19.06264481239417,2.300664029082055,48.64261090059202,20.048643682000765,6.5733257973773,63.43259394469094,20.37730997186963,1.31466515947546,7.23065837711503,3.94399547842638,5.25866063790184,3.28666289868865
68,10.351217756095803,2.5878044390239507,61.589745648770034,5.693169765852692,11.903900419510174,11.903900419510174,39.334627473164055,37.78194480974968,4.658047990243111,35.711701258530525,24.32536172682514,79.70437672193769,9.316095980486223,7.763413317071853,4.658047990243111,39.852188360968846,1.5526826634143704,10.868778643900594,25.360483502434718,10.868778643900594,222.03362086825499,12.939022195119755,1.5526826634143704,16.561948409753285,19.667313736582027,30.01853149267783,33.64145770731136,47.6156016780407,110.2404691024203,36.229262146335316,24.842922614629927,1.0351217756095803,59.51950209755087,27.43072705365388,5.693169765852692,57.44925854633171,11.903900419510174,22.25511817560598,5.693169765852692,3.6229262146335315,16.044387521948497,3.6229262146335315
69,16.54297267034578,1.8798832579938387,65.41993737818558,10.527346244765496,9.023439638370425,12.031252851160566,41.733408327463216,113.54494878282784,6.3916030771790515,49.62891801103734,31.20606208269772,104.89748579605619,31.958015385895255,17.294925973543315,10.151369593166729,32.70996868909279,3.3837898643889095,10.527346244765496,104.52150914445743,24.438482353919902,141.36722100113667,15.415042715549477,6.015626425580283,9.399416289969192,10.527346244765496,43.613291585457056,18.798832579938384,175.58109629662454,140.9912443495379,39.47754841787061,12.407229502759336,4.887696470783981,41.733408327463216,34.58985194708663,6.767579728777819,81.96291004853137,22.558599095926063,13.535159457555638,2.255859909592606,12.407229502759336,9.399416289969192,4.511719819185212
70,3.986856995935043,0.9967142489837607,61.29792631250128,9.967142489837606,10.963856738821367,10.963856738821367,26.412927598069658,28.90471322052906,4.485214120426923,66.28149755742008,31.39649884298846,53.3242123206312,38.373498585874785,12.957285236788888,13.953999485772648,24.419499100102136,3.488499871443162,22.426070602134615,31.39649884298846,80.73385416768461,92.19606803099786,23.921141975610254,4.485214120426923,19.934284979675212,21.429356353150855,62.79299768597692,14.95071373475641,47.84228395122051,88.20921103506282,44.85214120426923,24.917856224594015,4.485214120426923,30.898141718496582,35.88171296341538,2.4917856224594015,67.77656893089572,21.429356353150855,0.49835712449188035,5.481928369410683,4.485214120426923,1.9934284979675214,2.990142746951282
71,12.090309454403025,2.763499303863549,41.797926970936174,9.326810150539476,15.54468358423246,13.817496519317743,44.90686368778267,38.68899025408968,4.490686368778267,60.45154727201513,95.68616339627538,123.32115643491086,17.617308062130125,16.235558410198347,17.962745475113067,34.54374129829436,4.490686368778267,25.90780597372077,7.9450604986077025,3.7998115428123795,179.2820173381477,29.362180103550205,3.4543741298294357,17.962745475113067,14.508371345283631,31.78024199443081,23.835181495823107,89.81372737556534,104.6675361338319,67.01485811869105,9.326810150539476,4.145248955795323,74.95991861729875,32.471116820396695,4.145248955795323,46.634050752697384,24.18061890880605,40.07073990602146,10.708559802471251,6.908748259658871,10.708559802471251,3.1089367168464923
72,8.256010127764304,3.6326444562162936,65.05735980678271,1.6512020255528606,10.567692963538308,12.218894989091169,77.27625479587388,70.01096588344129,0.0,38.63812739793694,68.02952345277787,95.10923667184477,26.74947281395634,4.62336567154801,3.9628848613268657,33.68452132127836,3.9628848613268657,8.256010127764304,27.409953624177486,2.641923240884577,142.003374197546,35.335723346831216,3.302404051105721,26.41923240884577,14.200337419754602,33.68452132127836,10.237452558427735,109.30957409159937,98.74188112806107,60.103753730124126,7.925769722653731,7.925769722653731,81.23913965720074,25.098270788403482,7.595529317543159,33.68452132127836,19.81442430663433,38.968367803047514,14.200337419754602,9.907212153317165,8.256010127764304,8.256010127764304
